[
{
    "pk": "0f131652-7023-49a3-a799-798fcbd8beb6", 
    "model": "survey.respondant", 
    "fields": {
        "status": null, 
        "complete": false, 
        "ts": "2013-07-25T08:33:05.245", 
        "state": null, 
        "locations": 0, 
        "county": null, 
        "surveyor": null, 
        "last_question": null, 
        "survey": 1, 
        "email": null, 
        "responses": []
    }
},
{
    "pk": "5d649dc5-363a-4571-b982-60e7a819f88c", 
    "model": "survey.respondant", 
    "fields": {
        "status": null, 
        "complete": false, 
        "ts": "2013-07-25T08:33:05.245", 
        "state": null, 
        "locations": 0, 
        "county": null, 
        "surveyor": null, 
        "last_question": null, 
        "survey": 1, 
        "email": null, 
        "responses": []
    }
},
{
    "pk": "857f45be-637d-44ef-8a4f-8aa5bc6142e2", 
    "model": "survey.respondant", 
    "fields": {
        "status": null, 
        "complete": false, 
        "ts": "2013-07-25T08:33:05.245", 
        "state": null, 
        "locations": 0, 
        "county": null, 
        "surveyor": 1, 
        "last_question": "license", 
        "survey": 1, 
        "email": null, 
        "responses": [
            1
        ]
    }
},
{
    "pk": "offline_1374703741498", 
    "model": "survey.respondant", 
    "fields": {
        "status": "complete", 
        "complete": true, 
        "ts": "2013-07-25T09:09:01.498", 
        "state": null, 
        "locations": 0, 
        "county": null, 
        "surveyor": 1, 
        "last_question": null, 
        "survey": 1, 
        "email": null, 
        "responses": [
            2, 
            3
        ]
    }
},
{
    "pk": 1, 
    "model": "survey.page", 
    "fields": {
        "survey": 1, 
        "question": 1
    }
},
{
    "pk": 2, 
    "model": "survey.page", 
    "fields": {
        "survey": 1, 
        "question": 2
    }
},
{
    "pk": 3, 
    "model": "survey.page", 
    "fields": {
        "survey": 1, 
        "question": 3
    }
},
{
    "pk": 4, 
    "model": "survey.page", 
    "fields": {
        "survey": 1, 
        "question": 4
    }
},
{
    "pk": 5, 
    "model": "survey.page", 
    "fields": {
        "survey": 1, 
        "question": 5
    }
},
{
    "pk": 6, 
    "model": "survey.page", 
    "fields": {
        "survey": 1, 
        "question": 6
    }
},
{
    "pk": 7, 
    "model": "survey.page", 
    "fields": {
        "survey": 1, 
        "question": 7
    }
},
{
    "pk": 8, 
    "model": "survey.page", 
    "fields": {
        "survey": 1, 
        "question": 8
    }
},
{
    "pk": 9, 
    "model": "survey.page", 
    "fields": {
        "survey": 1, 
        "question": 9
    }
},
{
    "pk": 10, 
    "model": "survey.page", 
    "fields": {
        "survey": 1, 
        "question": 10
    }
},
{
    "pk": 11, 
    "model": "survey.page", 
    "fields": {
        "survey": 1, 
        "question": 11
    }
},
{
    "pk": 12, 
    "model": "survey.page", 
    "fields": {
        "survey": 1, 
        "question": 12
    }
},
{
    "pk": 13, 
    "model": "survey.page", 
    "fields": {
        "survey": 1, 
        "question": 13
    }
},
{
    "pk": 14, 
    "model": "survey.page", 
    "fields": {
        "survey": 1, 
        "question": 14
    }
},
{
    "pk": 15, 
    "model": "survey.page", 
    "fields": {
        "survey": 1, 
        "question": 15
    }
},
{
    "pk": 16, 
    "model": "survey.page", 
    "fields": {
        "survey": 1, 
        "question": 16
    }
},
{
    "pk": 1, 
    "model": "survey.survey", 
    "fields": {
        "states": null, 
        "offline": false, 
        "anon": true, 
        "name": "Caribbean", 
        "slug": "caribbean"
    }
},
{
    "pk": 1, 
    "model": "survey.question", 
    "fields": {
        "cols": null, 
        "term_condition": null, 
        "filterBy": false, 
        "min_zoom": 10, 
        "report_type": null, 
        "lng": null, 
        "skip_question": null, 
        "rows": null, 
        "options_from_previous_answer": null, 
        "title": "License #", 
        "allow_other": false, 
        "label": "license", 
        "grid_cols": [], 
        "type": "text", 
        "randomize_groups": false, 
        "modalQuestion": null, 
        "integer_min": null, 
        "visualize": false, 
        "foreach_question": null, 
        "options_json": null, 
        "lat": null, 
        "slug": "license", 
        "info": null, 
        "integer_max": null, 
        "required": true, 
        "zoom": null, 
        "options": [], 
        "filter_questions": [], 
        "skip_condition": null, 
        "hoist_answers": null, 
        "order": 0
    }
},
{
    "pk": 2, 
    "model": "survey.question", 
    "fields": {
        "cols": null, 
        "term_condition": null, 
        "filterBy": false, 
        "min_zoom": 10, 
        "report_type": null, 
        "lng": null, 
        "skip_question": null, 
        "rows": null, 
        "options_from_previous_answer": null, 
        "title": "Last Name", 
        "allow_other": false, 
        "label": "Last Name", 
        "grid_cols": [], 
        "type": "text", 
        "randomize_groups": false, 
        "modalQuestion": null, 
        "integer_min": null, 
        "visualize": false, 
        "foreach_question": null, 
        "options_json": null, 
        "lat": null, 
        "slug": "last-name", 
        "info": null, 
        "integer_max": null, 
        "required": true, 
        "zoom": null, 
        "options": [], 
        "filter_questions": [], 
        "skip_condition": null, 
        "hoist_answers": null, 
        "order": 1
    }
},
{
    "pk": 3, 
    "model": "survey.question", 
    "fields": {
        "cols": null, 
        "term_condition": null, 
        "filterBy": false, 
        "min_zoom": 10, 
        "report_type": null, 
        "lng": null, 
        "skip_question": null, 
        "rows": null, 
        "options_from_previous_answer": null, 
        "title": "First Name", 
        "allow_other": false, 
        "label": "First Name", 
        "grid_cols": [], 
        "type": "text", 
        "randomize_groups": false, 
        "modalQuestion": null, 
        "integer_min": null, 
        "visualize": false, 
        "foreach_question": null, 
        "options_json": null, 
        "lat": null, 
        "slug": "first-name", 
        "info": null, 
        "integer_max": null, 
        "required": true, 
        "zoom": null, 
        "options": [], 
        "filter_questions": [], 
        "skip_condition": null, 
        "hoist_answers": null, 
        "order": 2
    }
},
{
    "pk": 4, 
    "model": "survey.question", 
    "fields": {
        "cols": null, 
        "term_condition": null, 
        "filterBy": false, 
        "min_zoom": 10, 
        "report_type": null, 
        "lng": null, 
        "skip_question": null, 
        "rows": null, 
        "options_from_previous_answer": null, 
        "title": "Vessel #", 
        "allow_other": false, 
        "label": "Vessel #", 
        "grid_cols": [], 
        "type": "text", 
        "randomize_groups": false, 
        "modalQuestion": null, 
        "integer_min": null, 
        "visualize": false, 
        "foreach_question": null, 
        "options_json": null, 
        "lat": null, 
        "slug": "vessel", 
        "info": null, 
        "integer_max": null, 
        "required": true, 
        "zoom": null, 
        "options": [], 
        "filter_questions": [], 
        "skip_condition": null, 
        "hoist_answers": null, 
        "order": 3
    }
},
{
    "pk": 5, 
    "model": "survey.question", 
    "fields": {
        "cols": null, 
        "term_condition": null, 
        "filterBy": false, 
        "min_zoom": 10, 
        "report_type": null, 
        "lng": null, 
        "skip_question": null, 
        "rows": null, 
        "options_from_previous_answer": null, 
        "title": "Highly Migratory Species Permit #", 
        "allow_other": false, 
        "label": "HMS Permit #", 
        "grid_cols": [], 
        "type": "text", 
        "randomize_groups": false, 
        "modalQuestion": null, 
        "integer_min": null, 
        "visualize": false, 
        "foreach_question": null, 
        "options_json": null, 
        "lat": null, 
        "slug": "hms-permit", 
        "info": null, 
        "integer_max": null, 
        "required": true, 
        "zoom": null, 
        "options": [], 
        "filter_questions": [], 
        "skip_condition": null, 
        "hoist_answers": null, 
        "order": 4
    }
},
{
    "pk": 6, 
    "model": "survey.question", 
    "fields": {
        "cols": null, 
        "term_condition": null, 
        "filterBy": false, 
        "min_zoom": 10, 
        "report_type": null, 
        "lng": null, 
        "skip_question": null, 
        "rows": null, 
        "options_from_previous_answer": null, 
        "title": "Landed Date", 
        "allow_other": false, 
        "label": "Landed Date", 
        "grid_cols": [], 
        "type": "datepicker", 
        "randomize_groups": false, 
        "modalQuestion": null, 
        "integer_min": null, 
        "visualize": false, 
        "foreach_question": null, 
        "options_json": null, 
        "lat": null, 
        "slug": "landed-date", 
        "info": null, 
        "integer_max": null, 
        "required": true, 
        "zoom": null, 
        "options": [], 
        "filter_questions": [], 
        "skip_condition": null, 
        "hoist_answers": null, 
        "order": 6
    }
},
{
    "pk": 7, 
    "model": "survey.question", 
    "fields": {
        "cols": null, 
        "term_condition": null, 
        "filterBy": false, 
        "min_zoom": 10, 
        "report_type": null, 
        "lng": null, 
        "skip_question": null, 
        "rows": "Brewers Bay\nJersey Bay\nLong Bay\nVessup Bay\nWater Bay", 
        "options_from_previous_answer": null, 
        "title": "Trip Landing Site", 
        "allow_other": true, 
        "label": "Trip Landing Site", 
        "grid_cols": [], 
        "type": "single-select", 
        "randomize_groups": false, 
        "modalQuestion": null, 
        "integer_min": null, 
        "visualize": false, 
        "foreach_question": null, 
        "options_json": null, 
        "lat": null, 
        "slug": "trip-landing-site", 
        "info": null, 
        "integer_max": null, 
        "required": true, 
        "zoom": null, 
        "options": [], 
        "filter_questions": [], 
        "skip_condition": null, 
        "hoist_answers": null, 
        "order": 7
    }
},
{
    "pk": 8, 
    "model": "survey.question", 
    "fields": {
        "cols": null, 
        "term_condition": null, 
        "filterBy": false, 
        "min_zoom": 10, 
        "report_type": null, 
        "lng": null, 
        "skip_question": null, 
        "rows": null, 
        "options_from_previous_answer": null, 
        "title": "Partner License", 
        "allow_other": false, 
        "label": "Partner License", 
        "grid_cols": [], 
        "type": "text", 
        "randomize_groups": false, 
        "modalQuestion": null, 
        "integer_min": null, 
        "visualize": false, 
        "foreach_question": null, 
        "options_json": null, 
        "lat": null, 
        "slug": "partner-license", 
        "info": null, 
        "integer_max": null, 
        "required": false, 
        "zoom": null, 
        "options": [], 
        "filter_questions": [], 
        "skip_condition": null, 
        "hoist_answers": null, 
        "order": 8
    }
},
{
    "pk": 9, 
    "model": "survey.question", 
    "fields": {
        "cols": null, 
        "term_condition": null, 
        "filterBy": false, 
        "min_zoom": 10, 
        "report_type": null, 
        "lng": null, 
        "skip_question": null, 
        "rows": null, 
        "options_from_previous_answer": null, 
        "title": "# of Helpers", 
        "allow_other": false, 
        "label": "# of Helpers", 
        "grid_cols": [], 
        "type": "integer", 
        "randomize_groups": false, 
        "modalQuestion": null, 
        "integer_min": null, 
        "visualize": false, 
        "foreach_question": null, 
        "options_json": null, 
        "lat": null, 
        "slug": "helpers", 
        "info": null, 
        "integer_max": null, 
        "required": false, 
        "zoom": null, 
        "options": [], 
        "filter_questions": [], 
        "skip_condition": null, 
        "hoist_answers": null, 
        "order": 9
    }
},
{
    "pk": 10, 
    "model": "survey.question", 
    "fields": {
        "cols": null, 
        "term_condition": null, 
        "filterBy": false, 
        "min_zoom": 10, 
        "report_type": null, 
        "lng": null, 
        "skip_question": null, 
        "rows": null, 
        "options_from_previous_answer": null, 
        "title": "Did not fish for month of", 
        "allow_other": false, 
        "label": "Did not fish for month of", 
        "grid_cols": [], 
        "type": "yes-no", 
        "randomize_groups": false, 
        "modalQuestion": null, 
        "integer_min": null, 
        "visualize": false, 
        "foreach_question": null, 
        "options_json": null, 
        "lat": null, 
        "slug": "did-not-fish-for-month-of", 
        "info": null, 
        "integer_max": null, 
        "required": false, 
        "zoom": null, 
        "options": [], 
        "filter_questions": [], 
        "skip_condition": null, 
        "hoist_answers": null, 
        "order": 5
    }
},
{
    "pk": 11, 
    "model": "survey.question", 
    "fields": {
        "cols": null, 
        "term_condition": null, 
        "filterBy": false, 
        "min_zoom": 10, 
        "report_type": null, 
        "lng": null, 
        "skip_question": null, 
        "rows": "Hook & LIne / Rod & Reel\nTraps\nNets\nSpear or By Hand", 
        "options_from_previous_answer": null, 
        "title": "Gear Type", 
        "allow_other": false, 
        "label": "Gear Type", 
        "grid_cols": [], 
        "type": "single-select", 
        "randomize_groups": false, 
        "modalQuestion": null, 
        "integer_min": null, 
        "visualize": false, 
        "foreach_question": null, 
        "options_json": null, 
        "lat": null, 
        "slug": "gear-type", 
        "info": null, 
        "integer_max": null, 
        "required": true, 
        "zoom": null, 
        "options": [], 
        "filter_questions": [], 
        "skip_condition": null, 
        "hoist_answers": null, 
        "order": 10
    }
},
{
    "pk": 12, 
    "model": "survey.question", 
    "fields": {
        "cols": null, 
        "term_condition": null, 
        "filterBy": false, 
        "min_zoom": 10, 
        "report_type": null, 
        "lng": null, 
        "skip_question": null, 
        "rows": "Hand\nPower/bandit\nBuoy", 
        "options_from_previous_answer": null, 
        "title": "Type", 
        "allow_other": false, 
        "label": "Type", 
        "grid_cols": [], 
        "type": "single-select", 
        "randomize_groups": false, 
        "modalQuestion": null, 
        "integer_min": null, 
        "visualize": false, 
        "foreach_question": null, 
        "options_json": null, 
        "lat": null, 
        "slug": "type", 
        "info": null, 
        "integer_max": null, 
        "required": true, 
        "zoom": null, 
        "options": [], 
        "filter_questions": [], 
        "skip_condition": null, 
        "hoist_answers": null, 
        "order": 11
    }
},
{
    "pk": 13, 
    "model": "survey.question", 
    "fields": {
        "cols": null, 
        "term_condition": null, 
        "filterBy": false, 
        "min_zoom": 10, 
        "report_type": null, 
        "lng": null, 
        "skip_question": null, 
        "rows": null, 
        "options_from_previous_answer": null, 
        "title": "# Lines", 
        "allow_other": false, 
        "label": "# Lines", 
        "grid_cols": [], 
        "type": "integer", 
        "randomize_groups": false, 
        "modalQuestion": null, 
        "integer_min": null, 
        "visualize": false, 
        "foreach_question": null, 
        "options_json": null, 
        "lat": null, 
        "slug": "lines", 
        "info": null, 
        "integer_max": null, 
        "required": false, 
        "zoom": null, 
        "options": [], 
        "filter_questions": [], 
        "skip_condition": null, 
        "hoist_answers": null, 
        "order": 12
    }
},
{
    "pk": 14, 
    "model": "survey.question", 
    "fields": {
        "cols": null, 
        "term_condition": null, 
        "filterBy": false, 
        "min_zoom": 10, 
        "report_type": null, 
        "lng": null, 
        "skip_question": null, 
        "rows": null, 
        "options_from_previous_answer": null, 
        "title": "# Hooks per Line", 
        "allow_other": false, 
        "label": "# Hooks per Line", 
        "grid_cols": [], 
        "type": "integer", 
        "randomize_groups": false, 
        "modalQuestion": null, 
        "integer_min": null, 
        "visualize": false, 
        "foreach_question": null, 
        "options_json": null, 
        "lat": null, 
        "slug": "hooks-per-line", 
        "info": null, 
        "integer_max": null, 
        "required": false, 
        "zoom": null, 
        "options": [], 
        "filter_questions": [], 
        "skip_condition": null, 
        "hoist_answers": null, 
        "order": 13
    }
},
{
    "pk": 15, 
    "model": "survey.question", 
    "fields": {
        "cols": null, 
        "term_condition": null, 
        "filterBy": false, 
        "min_zoom": 10, 
        "report_type": null, 
        "lng": null, 
        "skip_question": null, 
        "rows": null, 
        "options_from_previous_answer": null, 
        "title": "FAD Fished Name", 
        "allow_other": false, 
        "label": "FAD Fished Name", 
        "grid_cols": [], 
        "type": "text", 
        "randomize_groups": false, 
        "modalQuestion": null, 
        "integer_min": null, 
        "visualize": false, 
        "foreach_question": null, 
        "options_json": null, 
        "lat": null, 
        "slug": "fad-fished-name", 
        "info": null, 
        "integer_max": null, 
        "required": true, 
        "zoom": null, 
        "options": [], 
        "filter_questions": [], 
        "skip_condition": null, 
        "hoist_answers": null, 
        "order": 14
    }
},
{
    "pk": 16, 
    "model": "survey.question", 
    "fields": {
        "cols": null, 
        "term_condition": null, 
        "filterBy": false, 
        "min_zoom": 10, 
        "report_type": null, 
        "lng": null, 
        "skip_question": null, 
        "rows": null, 
        "options_from_previous_answer": null, 
        "title": "Hours Fished", 
        "allow_other": false, 
        "label": "Hours Fished", 
        "grid_cols": [], 
        "type": "integer", 
        "randomize_groups": false, 
        "modalQuestion": null, 
        "integer_min": null, 
        "visualize": false, 
        "foreach_question": null, 
        "options_json": null, 
        "lat": null, 
        "slug": "hours-fished", 
        "info": null, 
        "integer_max": null, 
        "required": true, 
        "zoom": null, 
        "options": [], 
        "filter_questions": [], 
        "skip_condition": null, 
        "hoist_answers": null, 
        "order": 15
    }
},
{
    "pk": 1, 
    "model": "survey.response", 
    "fields": {
        "respondant": "857f45be-637d-44ef-8a4f-8aa5bc6142e2", 
        "answer": "test", 
        "question": 1, 
        "ts": "2013-07-25T08:51:38.141", 
        "answer_raw": "\"test\""
    }
},
{
    "pk": 2, 
    "model": "survey.response", 
    "fields": {
        "respondant": null, 
        "answer": "testing mobile again", 
        "question": 1, 
        "ts": "2013-07-25T09:09:28.436", 
        "answer_raw": "\"testing mobile again\""
    }
},
{
    "pk": 3, 
    "model": "survey.response", 
    "fields": {
        "respondant": null, 
        "answer": "Fletcher", 
        "question": 2, 
        "ts": "2013-07-25T09:09:28.463", 
        "answer_raw": "\"Fletcher\""
    }
}
]
