[{
    "pk": "uuid",
    "model": "survey.respondant",
    "fields": {
        "responses": [],
        "survey": 1,
        "ts": "2013-04-15T23:33:54Z",
        "email": "eknuth@ecotrust.org"
    }
}, {
    "pk": 1,
    "model": "survey.page",
    "fields": {
        "survey": 3,
        "question": 9
    }
}, {
    "pk": 2,
    "model": "survey.page",
    "fields": {
        "survey": 3,
        "question": 10
    }
}, {
    "pk": 3,
    "model": "survey.page",
    "fields": {
        "survey": 3,
        "question": 11
    }
}, {
    "pk": 4,
    "model": "survey.page",
    "fields": {
        "survey": 3,
        "question": 12
    }
}, {
    "pk": 5,
    "model": "survey.page",
    "fields": {
        "survey": 3,
        "question": 13
    }
}, {
    "pk": 6,
    "model": "survey.page",
    "fields": {
        "survey": 3,
        "question": 14
    }
}, {
    "pk": 7,
    "model": "survey.page",
    "fields": {
        "survey": 3,
        "question": 15
    }
}, {
    "pk": 8,
    "model": "survey.page",
    "fields": {
        "survey": 3,
        "question": 18
    }
}, {
    "pk": 9,
    "model": "survey.page",
    "fields": {
        "survey": 3,
        "question": 19
    }
}, {
    "pk": 15,
    "model": "survey.page",
    "fields": {
        "survey": 3,
        "question": 20
    }
}, {
    "pk": 16,
    "model": "survey.page",
    "fields": {
        "survey": 3,
        "question": 21
    }
}, {
    "pk": 17,
    "model": "survey.page",
    "fields": {
        "survey": 3,
        "question": 22
    }
}, {
    "pk": 18,
    "model": "survey.page",
    "fields": {
        "survey": 3,
        "question": 23
    }
}, {
    "pk": 19,
    "model": "survey.page",
    "fields": {
        "survey": 3,
        "question": 24
    }
}, {
    "pk": 20,
    "model": "survey.page",
    "fields": {
        "survey": 3,
        "question": 25
    }
}, {
    "pk": 21,
    "model": "survey.page",
    "fields": {
        "survey": 3,
        "question": 26
    }
}, {
    "pk": 1,
    "model": "survey.survey",
    "fields": {
        "name": "Test Survey",
        "slug": "test-survey"
    }
}, {
    "pk": 2,
    "model": "survey.survey",
    "fields": {
        "name": "marco",
        "slug": "marco"
    }
}, {
    "pk": 3,
    "model": "survey.survey",
    "fields": {
        "name": "Washington",
        "slug": "washington"
    }
}, {
    "pk": 4,
    "model": "survey.option",
    "fields": {
        "text": "New York",
        "label": "NY"
    }
}, {
    "pk": 5,
    "model": "survey.option",
    "fields": {
        "text": "New Jersey",
        "label": "NJ"
    }
}, {
    "pk": 6,
    "model": "survey.option",
    "fields": {
        "text": "Delaware",
        "label": "DE"
    }
}, {
    "pk": 7,
    "model": "survey.option",
    "fields": {
        "text": "Maryland",
        "label": "MD"
    }
}, {
    "pk": 8,
    "model": "survey.option",
    "fields": {
        "text": "Virgina",
        "label": "VA"
    }
}, {
    "pk": 9,
    "model": "survey.option",
    "fields": {
        "text": "District of Columbia",
        "label": "DC"
    }
}, {
    "pk": 10,
    "model": "survey.option",
    "fields": {
        "text": "Washington",
        "label": "washington"
    }
}, {
    "pk": 11,
    "model": "survey.option",
    "fields": {
        "text": "Oregon",
        "label": "oregon"
    }
}, {
    "pk": 12,
    "model": "survey.option",
    "fields": {
        "text": "British Columbia",
        "label": "british-columbia"
    }
}, {
    "pk": 13,
    "model": "survey.option",
    "fields": {
        "text": "0",
        "label": "0"
    }
}, {
    "pk": 14,
    "model": "survey.option",
    "fields": {
        "text": "1",
        "label": "1"
    }
}, {
    "pk": 15,
    "model": "survey.option",
    "fields": {
        "text": "2",
        "label": "2"
    }
}, {
    "pk": 16,
    "model": "survey.option",
    "fields": {
        "text": "3",
        "label": "3"
    }
}, {
    "pk": 17,
    "model": "survey.option",
    "fields": {
        "text": "4",
        "label": "4"
    }
}, {
    "pk": 18,
    "model": "survey.option",
    "fields": {
        "text": "5+",
        "label": "5"
    }
}, {
    "pk": 19,
    "model": "survey.option",
    "fields": {
        "text": "Parking",
        "label": "parking"
    }
}, {
    "pk": 20,
    "model": "survey.option",
    "fields": {
        "text": "Car Fuel",
        "label": "car-fuel"
    }
}, {
    "pk": 21,
    "model": "survey.option",
    "fields": {
        "text": "Airline Flight",
        "label": "airline-flight"
    }
}, {
    "pk": 22,
    "model": "survey.option",
    "fields": {
        "text": "Food and beverages from a store",
        "label": "food-and-beverages-store"
    }
}, {
    "pk": 23,
    "model": "survey.option",
    "fields": {
        "text": "Food and beverages at a restaurant or bar",
        "label": "food-and-beverages-restaurant-or-bar"
    }
}, {
    "pk": 24,
    "model": "survey.option",
    "fields": {
        "text": "Souvenirs (t-shirts, posters, gifts, etc.)",
        "label": "souvenirs-t-shirts-posters-gifts-etc"
    }
}, {
    "pk": 25,
    "model": "survey.option",
    "fields": {
        "text": "Sundries (sunscreen, surf wax, motion sickness pills, batteries, film and processing etc.)",
        "label": "sundries-sunscreen-surf-wax-motion-sickness-pills-batteries-film"
    }
}, {
    "pk": 26,
    "model": "survey.option",
    "fields": {
        "text": "Car rental",
        "label": "car-rental"
    }
}, {
    "pk": 27,
    "model": "survey.option",
    "fields": {
        "text": "Dive equiment rental and airfills",
        "label": "dive-equiment-rental-and-airfills"
    }
}, {
    "pk": 28,
    "model": "survey.option",
    "fields": {
        "text": "Equipment rental (Surfboard, bike, kayak, stand up paddle,etc)",
        "label": "equipment-rental-surfboard-bike-kayak-stand-paddleetc"
    }
}, {
    "pk": 29,
    "model": "survey.option",
    "fields": {
        "text": "Lodging (if you stayed overnight)",
        "label": "lodging-if-you-stayed-overnight"
    }
}, {
    "pk": 30,
    "model": "survey.option",
    "fields": {
        "text": "Charter fee (whale watching, etc.)",
        "label": "charter-fee-whale-watching-etc"
    }
}, {
    "pk": 31,
    "model": "survey.option",
    "fields": {
        "text": "Museum, aquarium, or other entrance fee",
        "label": "museum-aquarium-or-other-entrance-fee"
    }
}, {
    "pk": 32,
    "model": "survey.option",
    "fields": {
        "text": "Lessons, clinics, camps",
        "label": "lessons-clinics-camps"
    }
}, {
    "pk": 33,
    "model": "survey.option",
    "fields": {
        "text": "Below $35,000",
        "label": "below-35000"
    }
}, {
    "pk": 34,
    "model": "survey.option",
    "fields": {
        "text": "$35,000 or more",
        "label": "35000-or-more"
    }
}, {
    "pk": 35,
    "model": "survey.option",
    "fields": {
        "text": "Don't Know",
        "label": "dont-know"
    }
}, {
    "pk": 36,
    "model": "survey.option",
    "fields": {
        "text": "Male",
        "label": "male"
    }
}, {
    "pk": 37,
    "model": "survey.option",
    "fields": {
        "text": "Female",
        "label": "female"
    }
}, {
    "pk": 1,
    "model": "survey.question",
    "fields": {
        "info": null,
        "randomize_groups": false,
        "options_from_previous_answer": null,
        "modalQuestion": null,
        "title": "What is your name?",
        "allow_other": false,
        "label": "Name",
        "options": [],
        "options_json": null,
        "order": 0,
        "type": "text",
        "slug": "name"
    }
}, {
    "pk": 2,
    "model": "survey.question",
    "fields": {
        "info": null,
        "randomize_groups": false,
        "options_from_previous_answer": null,
        "modalQuestion": null,
        "title": "How old are you?",
        "allow_other": false,
        "label": "Age",
        "options": [],
        "options_json": null,
        "order": 0,
        "type": "text",
        "slug": "age"
    }
}, {
    "pk": 3,
    "model": "survey.question",
    "fields": {
        "info": null,
        "randomize_groups": false,
        "options_from_previous_answer": null,
        "modalQuestion": null,
        "title": "Please enter your age:",
        "allow_other": false,
        "label": "Enter your age",
        "options": [],
        "options_json": null,
        "order": 0,
        "type": "integer",
        "slug": "marco-age"
    }
}, {
    "pk": 4,
    "model": "survey.question",
    "fields": {
        "info": "",
        "randomize_groups": false,
        "options_from_previous_answer": null,
        "modalQuestion": null,
        "title": "What state do you live in?",
        "allow_other": false,
        "label": "Pick a state",
        "options": [4, 5, 6, 7, 8],
        "options_json": "",
        "order": 0,
        "type": "auto-single-select",
        "slug": "state"
    }
}, {
    "pk": 5,
    "model": "survey.question",
    "fields": {
        "info": null,
        "randomize_groups": false,
        "options_from_previous_answer": null,
        "modalQuestion": null,
        "title": "What county do you live in?",
        "allow_other": false,
        "label": "Pick a county",
        "options": [],
        "options_json": null,
        "order": 0,
        "type": "auto-single-select",
        "slug": "county"
    }
}, {
    "pk": 6,
    "model": "survey.question",
    "fields": {
        "info": "",
        "randomize_groups": false,
        "options_from_previous_answer": null,
        "modalQuestion": 8,
        "title": "Move and zoom the map to precisely focus the crosshair at each of your activity locations.",
        "allow_other": false,
        "label": "Activity Locations",
        "options": [],
        "options_json": "/static/survey/surveys/activities.json",
        "order": 0,
        "type": "map-multipoint",
        "slug": "activity-locations"
    }
}, {
    "pk": 7,
    "model": "survey.question",
    "fields": {
        "info": "true",
        "randomize_groups": false,
        "options_from_previous_answer": null,
        "modalQuestion": null,
        "title": "Activities",
        "allow_other": false,
        "label": "Activities Info Page",
        "options": [],
        "options_json": "",
        "order": 0,
        "type": "info",
        "slug": "info-activities"
    }
}, {
    "pk": 8,
    "model": "survey.question",
    "fields": {
        "info": "",
        "randomize_groups": false,
        "options_from_previous_answer": null,
        "modalQuestion": null,
        "title": "Which activities did you conduct at this location?",
        "allow_other": false,
        "label": "Location Activities",
        "options": [],
        "options_json": "/static/survey/surveys/activities.json",
        "order": 0,
        "type": "multi-select",
        "slug": "location-activities"
    }
}, {
    "pk": 9,
    "model": "survey.question",
    "fields": {
        "info": "",
        "randomize_groups": false,
        "options_from_previous_answer": "",
        "modalQuestion": null,
        "title": "Please enter your age",
        "allow_other": false,
        "label": "age",
        "options": [],
        "options_json": "",
        "order": 0,
        "type": "integer",
        "slug": "age"
    }
}, {
    "pk": 10,
    "model": "survey.question",
    "fields": {
        "info": "",
        "randomize_groups": false,
        "options_from_previous_answer": "",
        "modalQuestion": null,
        "title": "What state/province do you live in?",
        "allow_other": false,
        "label": "State or Province",
        "options": [10, 11, 12],
        "options_json": "",
        "order": 1,
        "type": "auto-single-select",
        "slug": "state-or-province"
    }
}, {
    "pk": 11,
    "model": "survey.question",
    "fields": {
        "info": "",
        "randomize_groups": false,
        "options_from_previous_answer": "",
        "modalQuestion": null,
        "title": "You indicated you live in {{ getAnswer('state-or-province') }}. What county/municipality do you live in?",
        "allow_other": false,
        "label": "county",
        "options": [],
        "options_json": "",
        "order": 2,
        "type": "text",
        "slug": "county"
    }
}, {
    "pk": 12,
    "model": "survey.question",
    "fields": {
        "info": "recreate-info",
        "randomize_groups": false,
        "options_from_previous_answer": "",
        "modalQuestion": null,
        "title": "Where did you recreate?",
        "allow_other": false,
        "label": "recreate-info",
        "options": [],
        "options_json": "",
        "order": 3,
        "type": "info",
        "slug": "recreate-info"
    }
}, {
    "pk": 13,
    "model": "survey.question",
    "fields": {
        "info": "activities",
        "randomize_groups": true,
        "options_from_previous_answer": "",
        "modalQuestion": null,
        "title": "Which of the following recreational activities have you participated in during the last 12 months in the  Pacific coast of Washington?  ",
        "allow_other": false,
        "label": "activities",
        "options": [],
        "options_json": "/static/survey/surveys/activities_wa.json",
        "order": 4,
        "type": "multi-select",
        "slug": "activities"
    }
}, {
    "pk": 14,
    "model": "survey.question",
    "fields": {
        "info": "number-trips",
        "randomize_groups": false,
        "options_from_previous_answer": "",
        "modalQuestion": null,
        "title": "Please estimate how many trips you have made to Pacific coast of Washington in the last 12 months primarily for recreation purposes (e.g., beach going, wildlife viewing, surfing, kayaking, etc.). A trip is defined as an intentional trip outside of daily routine. ",
        "allow_other": false,
        "label": "Number of Trips",
        "options": [],
        "options_json": "",
        "order": 5,
        "type": "integer",
        "slug": "number-of-trips"
    }
}, {
    "pk": 15,
    "model": "survey.question",
    "fields": {
        "info": "location-activities",
        "randomize_groups": false,
        "options_from_previous_answer": "",
        "modalQuestion": 16,
        "title": "Navigate the map or use search function to zoom to the areas which you conducted ocean and coastal recreation activities in last 12 months.",
        "allow_other": false,
        "label": "Location of Activities",
        "options": [],
        "options_json": "",
        "order": 6,
        "type": "map-multipoint",
        "slug": "activity-locations"
    }
}, {
    "pk": 16,
    "model": "survey.question",
    "fields": {
        "info": "location-activities",
        "randomize_groups": true,
        "options_from_previous_answer": null,
        "modalQuestion": null,
        "title": "Which of the following recreational activities did you participate in at this location?",
        "allow_other": false,
        "label": "Location of Activities",
        "options": [],
        "options_json": "/static/survey/surveys/activities_wa.json",
        "order": 0,
        "type": "multi-select",
        "slug": "activity-locations"
    }
}, {
    "pk": 17,
    "model": "survey.question",
    "fields": {
        "info": "primary-activity",
        "randomize_groups": false,
        "options_from_previous_answer": "activities",
        "modalQuestion": null,
        "title": "Of the coastal and ocean recreation activities you just selected, what was your <strong>primary</strong> recreational activity during your last trip to Pacific coast of Washington? The primary activity is typically the main activity that brought you to the coast on your trip.  ",
        "allow_other": false,
        "label": "Primary Activity",
        "options": [],
        "options_json": "",
        "order": 0,
        "type": "single-select",
        "slug": "primary-activity"
    }
}, {
    "pk": 18,
    "model": "survey.question",
    "fields": {
        "info": "last-info",
        "randomize_groups": false,
        "options_from_previous_answer": "",
        "modalQuestion": null,
        "title": "Last Trip",
        "allow_other": false,
        "label": "Last Trip",
        "options": [],
        "options_json": "",
        "order": 7,
        "type": "info",
        "slug": "last-trip"
    }
}, {
    "pk": 19,
    "model": "survey.question",
    "fields": {
        "info": "last-trip-activities",
        "randomize_groups": true,
        "options_from_previous_answer": "",
        "modalQuestion": null,
        "title": "Did you participate in any of the following coastal and ocean recreation activities during your last trip to Pacific coast of Washington?",
        "allow_other": false,
        "label": "Last Trip Activities",
        "options": [],
        "options_json": "/static/survey/surveys/activities_wa.json",
        "order": 8,
        "type": "multi-select",
        "slug": "last-trip-activities"
    }
}, {
    "pk": 20,
    "model": "survey.question",
    "fields": {
        "info": "primary-activity-last-trip",
        "randomize_groups": false,
        "options_from_previous_answer": "last-trip-activities",
        "modalQuestion": null,
        "title": "Of the coastal and ocean recreation activities you just selected, what was your primary recreational activity during your last trip to Pacific coast of Washington? The primary activity is typically the main activity that brought you to the coast on your trip.  ",
        "allow_other": false,
        "label": "Primary Activity of Last trip",
        "options": [],
        "options_json": "/static/survey/surveys/activities_wa.json",
        "order": 9,
        "type": "auto-single-select",
        "slug": "last-trip-primary"
    }
}, {
    "pk": 21,
    "model": "survey.question",
    "fields": {
        "info": "number-nights",
        "randomize_groups": false,
        "options_from_previous_answer": "",
        "modalQuestion": null,
        "title": "How many nights did you spend at the coast during your last trip to Pacific coast of Washington?",
        "allow_other": false,
        "label": "Number of Nights",
        "options": [13, 14, 15, 16, 17, 18],
        "options_json": "",
        "order": 10,
        "type": "auto-single-select",
        "slug": "number-of-nights"
    }
}, {
    "pk": 22,
    "model": "survey.question",
    "fields": {
        "info": "",
        "randomize_groups": false,
        "options_from_previous_answer": "",
        "modalQuestion": null,
        "title": "During your last trip to the Pacific coast of Washington, please indicate if your party spent money on the following items.",
        "allow_other": true,
        "label": "Spent money on items",
        "options": [20, 21, 22, 23, 24, 25, 26, 27, 28, 29, 30, 31, 32, 19],
        "options_json": "",
        "order": 11,
        "type": "multi-select",
        "slug": "items-spent"
    }
}, {
    "pk": 23,
    "model": "survey.question",
    "fields": {
        "info": "",
        "randomize_groups": false,
        "options_from_previous_answer": "",
        "modalQuestion": null,
        "title": "During your last trip to the Pacific coast of Washington, please estimate how much your party spent on the following items and the number of people it covered.",
        "allow_other": false,
        "label": "Itemized Expenditures",
        "options": [],
        "options_json": "",
        "order": 12,
        "type": "text",
        "slug": "itemized-expenditures"
    }
}, {
    "pk": 24,
    "model": "survey.question",
    "fields": {
        "info": "demo-info",
        "randomize_groups": false,
        "options_from_previous_answer": "",
        "modalQuestion": null,
        "title": "Demographic Info",
        "allow_other": false,
        "label": "Demographic Info",
        "options": [],
        "options_json": "",
        "order": 13,
        "type": "info",
        "slug": "demo-info"
    }
}, {
    "pk": 25,
    "model": "survey.question",
    "fields": {
        "info": "",
        "randomize_groups": false,
        "options_from_previous_answer": "",
        "modalQuestion": null,
        "title": "Was your total HOUSEHOLD income in the past 12 months?",
        "allow_other": false,
        "label": "household-income",
        "options": [33, 34, 35],
        "options_json": "",
        "order": 14,
        "type": "multi-select",
        "slug": "household-income"
    }
}, {
    "pk": 26,
    "model": "survey.question",
    "fields": {
        "info": "",
        "randomize_groups": false,
        "options_from_previous_answer": "",
        "modalQuestion": null,
        "title": "What is your gender?",
        "allow_other": false,
        "label": "gender",
        "options": [36, 37],
        "options_json": "",
        "order": 15,
        "type": "auto-single-select",
        "slug": "gender"
    }
}]