[{
    "pk": "uuid",
    "model": "survey.respondant",
    "fields": {
        "responses": [],
        "survey": 1,
        "ts": "2013-04-15T23:33:54Z",
        "email": "eknuth@ecotrust.org"
    }
}, {
    "pk": 1,
    "model": "survey.page",
    "fields": {
        "survey": 3,
        "question": 9
    }
}, {
    "pk": 2,
    "model": "survey.page",
    "fields": {
        "survey": 3,
        "question": 10
    }
}, {
    "pk": 3,
    "model": "survey.page",
    "fields": {
        "survey": 3,
        "question": 11
    }
}, {
    "pk": 4,
    "model": "survey.page",
    "fields": {
        "survey": 3,
        "question": 12
    }
}, {
    "pk": 5,
    "model": "survey.page",
    "fields": {
        "survey": 3,
        "question": 13
    }
}, {
    "pk": 6,
    "model": "survey.page",
    "fields": {
        "survey": 3,
        "question": 14
    }
}, {
    "pk": 7,
    "model": "survey.page",
    "fields": {
        "survey": 3,
        "question": 15
    }
}, {
    "pk": 8,
    "model": "survey.page",
    "fields": {
        "survey": 3,
        "question": 18
    }
}, {
    "pk": 9,
    "model": "survey.page",
    "fields": {
        "survey": 3,
        "question": 19
    }
}, {
    "pk": 15,
    "model": "survey.page",
    "fields": {
        "survey": 3,
        "question": 20
    }
}, {
    "pk": 16,
    "model": "survey.page",
    "fields": {
        "survey": 3,
        "question": 21
    }
}, {
    "pk": 17,
    "model": "survey.page",
    "fields": {
        "survey": 3,
        "question": 22
    }
}, {
    "pk": 18,
    "model": "survey.page",
    "fields": {
        "survey": 3,
        "question": 23
    }
}, {
    "pk": 19,
    "model": "survey.page",
    "fields": {
        "survey": 3,
        "question": 24
    }
}, {
    "pk": 20,
    "model": "survey.page",
    "fields": {
        "survey": 3,
        "question": 25
    }
}, {
    "pk": 21,
    "model": "survey.page",
    "fields": {
        "survey": 3,
        "question": 26
    }
}, {
    "pk": 22,
    "model": "survey.page",
    "fields": {
        "survey": 3,
        "question": 27
    }
}, {
    "pk": 23,
    "model": "survey.page",
    "fields": {
        "survey": 3,
        "question": 28
    }
}, {
    "pk": 24,
    "model": "survey.page",
    "fields": {
        "survey": 3,
        "question": 29
    }
}, {
    "pk": 25,
    "model": "survey.page",
    "fields": {
        "survey": 3,
        "question": 30
    }
}, {
    "pk": 26,
    "model": "survey.page",
    "fields": {
        "survey": 4,
        "question": 31
    }
}, {
    "pk": 27,
    "model": "survey.page",
    "fields": {
        "survey": 4,
        "question": 32
    }
}, {
    "pk": 28,
    "model": "survey.page",
    "fields": {
        "survey": 4,
        "question": 33
    }
}, {
    "pk": 29,
    "model": "survey.page",
    "fields": {
        "survey": 4,
        "question": 40
    }
}, {
    "pk": 30,
    "model": "survey.page",
    "fields": {
        "survey": 4,
        "question": 41
    }
}, {
    "pk": 31,
    "model": "survey.page",
    "fields": {
        "survey": 4,
        "question": 42
    }
}, {
    "pk": 32,
    "model": "survey.page",
    "fields": {
        "survey": 4,
        "question": 45
    }
}, {
    "pk": 33,
    "model": "survey.page",
    "fields": {
        "survey": 4,
        "question": 46
    }
}, {
    "pk": 34,
    "model": "survey.page",
    "fields": {
        "survey": 4,
        "question": 47
    }
}, {
    "pk": 35,
    "model": "survey.page",
    "fields": {
        "survey": 4,
        "question": 48
    }
}, {
    "pk": 36,
    "model": "survey.page",
    "fields": {
        "survey": 4,
        "question": 49
    }
}, {
    "pk": 37,
    "model": "survey.page",
    "fields": {
        "survey": 4,
        "question": 50
    }
}, {
    "pk": 38,
    "model": "survey.page",
    "fields": {
        "survey": 4,
        "question": 51
    }
}, {
    "pk": 39,
    "model": "survey.page",
    "fields": {
        "survey": 4,
        "question": 52
    }
}, {
    "pk": 40,
    "model": "survey.page",
    "fields": {
        "survey": 4,
        "question": 53
    }
}, {
    "pk": 41,
    "model": "survey.page",
    "fields": {
        "survey": 4,
        "question": 54
    }
}, {
    "pk": 42,
    "model": "survey.page",
    "fields": {
        "survey": 4,
        "question": 56
    }
}, {
    "pk": 43,
    "model": "survey.page",
    "fields": {
        "survey": 1,
        "question": 57
    }
}, {
    "pk": 44,
    "model": "survey.page",
    "fields": {
        "survey": 1,
        "question": 2
    }
}, {
    "pk": 45,
    "model": "survey.page",
    "fields": {
        "survey": 1,
        "question": 6
    }
}, {
    "pk": 1,
    "model": "survey.survey",
    "fields": {
        "name": "Test Survey",
        "slug": "test-survey"
    }
}, {
    "pk": 2,
    "model": "survey.survey",
    "fields": {
        "name": "marco",
        "slug": "marco"
    }
}, {
    "pk": 3,
    "model": "survey.survey",
    "fields": {
        "name": "Washington Opt In",
        "slug": "washington-opt-in"
    }
}, {
    "pk": 4,
    "model": "survey.survey",
    "fields": {
        "name": "Washington Panel",
        "slug": "washington-panel"
    }
}, {
    "pk": 4,
    "model": "survey.option",
    "fields": {
        "text": "New York",
        "label": "NY"
    }
}, {
    "pk": 5,
    "model": "survey.option",
    "fields": {
        "text": "New Jersey",
        "label": "NJ"
    }
}, {
    "pk": 6,
    "model": "survey.option",
    "fields": {
        "text": "Delaware",
        "label": "DE"
    }
}, {
    "pk": 7,
    "model": "survey.option",
    "fields": {
        "text": "Maryland",
        "label": "MD"
    }
}, {
    "pk": 8,
    "model": "survey.option",
    "fields": {
        "text": "Virgina",
        "label": "VA"
    }
}, {
    "pk": 9,
    "model": "survey.option",
    "fields": {
        "text": "District of Columbia",
        "label": "DC"
    }
}, {
    "pk": 10,
    "model": "survey.option",
    "fields": {
        "text": "Washington",
        "label": "washington"
    }
}, {
    "pk": 11,
    "model": "survey.option",
    "fields": {
        "text": "Oregon",
        "label": "oregon"
    }
}, {
    "pk": 12,
    "model": "survey.option",
    "fields": {
        "text": "British Columbia",
        "label": "british-columbia"
    }
}, {
    "pk": 13,
    "model": "survey.option",
    "fields": {
        "text": "0",
        "label": "0"
    }
}, {
    "pk": 14,
    "model": "survey.option",
    "fields": {
        "text": "1",
        "label": "1"
    }
}, {
    "pk": 15,
    "model": "survey.option",
    "fields": {
        "text": "2",
        "label": "2"
    }
}, {
    "pk": 16,
    "model": "survey.option",
    "fields": {
        "text": "3",
        "label": "3"
    }
}, {
    "pk": 17,
    "model": "survey.option",
    "fields": {
        "text": "4",
        "label": "4"
    }
}, {
    "pk": 18,
    "model": "survey.option",
    "fields": {
        "text": "5+",
        "label": "5"
    }
}, {
    "pk": 19,
    "model": "survey.option",
    "fields": {
        "text": "Parking",
        "label": "parking"
    }
}, {
    "pk": 20,
    "model": "survey.option",
    "fields": {
        "text": "Car Fuel",
        "label": "car-fuel"
    }
}, {
    "pk": 21,
    "model": "survey.option",
    "fields": {
        "text": "Airline Flight",
        "label": "airline-flight"
    }
}, {
    "pk": 22,
    "model": "survey.option",
    "fields": {
        "text": "Food and beverages from a store",
        "label": "food-and-beverages-store"
    }
}, {
    "pk": 23,
    "model": "survey.option",
    "fields": {
        "text": "Food and beverages at a restaurant or bar",
        "label": "food-and-beverages-restaurant-or-bar"
    }
}, {
    "pk": 24,
    "model": "survey.option",
    "fields": {
        "text": "Souvenirs (t-shirts, posters, gifts, etc.)",
        "label": "souvenirs-t-shirts-posters-gifts-etc"
    }
}, {
    "pk": 25,
    "model": "survey.option",
    "fields": {
        "text": "Sundries (sunscreen, surf wax, motion sickness pills, batteries, film and processing etc.)",
        "label": "sundries-sunscreen-surf-wax-motion-sickness-pills-batteries-film"
    }
}, {
    "pk": 26,
    "model": "survey.option",
    "fields": {
        "text": "Car rental",
        "label": "car-rental"
    }
}, {
    "pk": 27,
    "model": "survey.option",
    "fields": {
        "text": "Dive equiment rental and airfills",
        "label": "dive-equiment-rental-and-airfills"
    }
}, {
    "pk": 28,
    "model": "survey.option",
    "fields": {
        "text": "Equipment rental (Surfboard, bike, kayak, stand up paddle,etc)",
        "label": "equipment-rental-surfboard-bike-kayak-stand-paddleetc"
    }
}, {
    "pk": 29,
    "model": "survey.option",
    "fields": {
        "text": "Lodging (if you stayed overnight)",
        "label": "lodging-if-you-stayed-overnight"
    }
}, {
    "pk": 30,
    "model": "survey.option",
    "fields": {
        "text": "Charter fee (whale watching, etc.)",
        "label": "charter-fee-whale-watching-etc"
    }
}, {
    "pk": 31,
    "model": "survey.option",
    "fields": {
        "text": "Museum, aquarium, or other entrance fee",
        "label": "museum-aquarium-or-other-entrance-fee"
    }
}, {
    "pk": 32,
    "model": "survey.option",
    "fields": {
        "text": "Lessons, clinics, camps",
        "label": "lessons-clinics-camps"
    }
}, {
    "pk": 33,
    "model": "survey.option",
    "fields": {
        "text": "Below $35,000",
        "label": "below-35000"
    }
}, {
    "pk": 34,
    "model": "survey.option",
    "fields": {
        "text": "$35,000 or more",
        "label": "35000-or-more"
    }
}, {
    "pk": 35,
    "model": "survey.option",
    "fields": {
        "text": "Don't Know",
        "label": "dont-know"
    }
}, {
    "pk": 36,
    "model": "survey.option",
    "fields": {
        "text": "Male",
        "label": "male"
    }
}, {
    "pk": 37,
    "model": "survey.option",
    "fields": {
        "text": "Female",
        "label": "female"
    }
}, {
    "pk": 38,
    "model": "survey.option",
    "fields": {
        "text": "White",
        "label": "white"
    }
}, {
    "pk": 39,
    "model": "survey.option",
    "fields": {
        "text": "Black or African American",
        "label": "black-or-african-american"
    }
}, {
    "pk": 40,
    "model": "survey.option",
    "fields": {
        "text": "Hispanic, Spanish or Latino",
        "label": "hispanic-spanish-or-latino"
    }
}, {
    "pk": 41,
    "model": "survey.option",
    "fields": {
        "text": "American Indian or Alaska Native",
        "label": "american-indian-or-alaska-native"
    }
}, {
    "pk": 42,
    "model": "survey.option",
    "fields": {
        "text": "Asian/Pacific Islander",
        "label": "asianpacific-islander"
    }
}, {
    "pk": 43,
    "model": "survey.option",
    "fields": {
        "text": "Other",
        "label": "other"
    }
}, {
    "pk": 44,
    "model": "survey.option",
    "fields": {
        "text": "No formal education",
        "label": "no-formal-education"
    }
}, {
    "pk": 45,
    "model": "survey.option",
    "fields": {
        "text": "Less than high school",
        "label": "less-high-school"
    }
}, {
    "pk": 46,
    "model": "survey.option",
    "fields": {
        "text": "High School",
        "label": "high-school"
    }
}, {
    "pk": 47,
    "model": "survey.option",
    "fields": {
        "text": "Some college",
        "label": "some-college"
    }
}, {
    "pk": 48,
    "model": "survey.option",
    "fields": {
        "text": "Bachelor's degree or higher",
        "label": "bachelors-degree-or-higher"
    }
}, {
    "pk": 49,
    "model": "survey.option",
    "fields": {
        "text": "Strongly Agree",
        "label": "strongly-agree"
    }
}, {
    "pk": 50,
    "model": "survey.option",
    "fields": {
        "text": "Somewhat Agree",
        "label": "somewhat-agree"
    }
}, {
    "pk": 51,
    "model": "survey.option",
    "fields": {
        "text": "Neither Agree nor Disagree",
        "label": "neither-agree-nor-disagree"
    }
}, {
    "pk": 52,
    "model": "survey.option",
    "fields": {
        "text": "Somewhat Disagree",
        "label": "somewhat-disagree"
    }
}, {
    "pk": 53,
    "model": "survey.option",
    "fields": {
        "text": "Strongly Disagree",
        "label": "strongly-disagree"
    }
}, {
    "pk": 54,
    "model": "survey.option",
    "fields": {
        "text": "Yes",
        "label": "yes"
    }
}, {
    "pk": 55,
    "model": "survey.option",
    "fields": {
        "text": "No",
        "label": "no"
    }
}, {
    "pk": 56,
    "model": "survey.option",
    "fields": {
        "text": "Just the last year",
        "label": "just-last-year"
    }
}, {
    "pk": 57,
    "model": "survey.option",
    "fields": {
        "text": "One to three years",
        "label": "one-three-years"
    }
}, {
    "pk": 58,
    "model": "survey.option",
    "fields": {
        "text": "About four to ten years",
        "label": "about-four-ten-years"
    }
}, {
    "pk": 59,
    "model": "survey.option",
    "fields": {
        "text": "More than ten years",
        "label": "more-ten-years"
    }
}, {
    "pk": 60,
    "model": "survey.option",
    "fields": {
        "text": "All my life",
        "label": "all-my-life"
    }
}, {
    "pk": 61,
    "model": "survey.option",
    "fields": {
        "text": "Bus",
        "label": "bus"
    }
}, {
    "pk": 62,
    "model": "survey.option",
    "fields": {
        "text": "Bike",
        "label": "bike"
    }
}, {
    "pk": 63,
    "model": "survey.option",
    "fields": {
        "text": "Fly",
        "label": "fly"
    }
}, {
    "pk": 64,
    "model": "survey.option",
    "fields": {
        "text": "Walking",
        "label": "walking"
    }
}, {
    "pk": 65,
    "model": "survey.option",
    "fields": {
        "text": "Drove a personal car",
        "label": "drove-personal-car"
    }
}, {
    "pk": 66,
    "model": "survey.option",
    "fields": {
        "text": "Drove a rented car",
        "label": "drove-rented-car"
    }
}, {
    "pk": 67,
    "model": "survey.option",
    "fields": {
        "text": "Rode with someone else -- carpooled",
        "label": "rode-someone-else-carpooled"
    }
}, {
    "pk": 2,
    "model": "survey.question",
    "fields": {
        "info": null,
        "randomize_groups": false,
        "options_from_previous_answer": null,
        "modalQuestion": null,
        "title": "How old are you?",
        "allow_other": false,
        "label": "Age",
        "options": [],
        "options_json": null,
        "order": 0,
        "type": "text",
        "slug": "age"
    }
}, {
    "pk": 6,
    "model": "survey.question",
    "fields": {
        "info": "",
        "randomize_groups": false,
        "options_from_previous_answer": "",
        "modalQuestion": 8,
        "title": "Move and zoom the map to precisely focus the crosshair at each of your activity locations.",
        "allow_other": false,
        "label": "Activity Locations",
        "options": [],
        "options_json": "/static/survey/surveys/activities.json",
        "order": 2,
        "type": "map-multipoint",
        "slug": "activity-locations"
    }
}, {
    "pk": 8,
    "model": "survey.question",
    "fields": {
        "info": "",
        "randomize_groups": false,
        "options_from_previous_answer": null,
        "modalQuestion": null,
        "title": "Which activities did you conduct at this location?",
        "allow_other": false,
        "label": "Location Activities",
        "options": [],
        "options_json": "/static/survey/surveys/activities.json",
        "order": 0,
        "type": "multi-select",
        "slug": "location-activities"
    }
}, {
    "pk": 9,
    "model": "survey.question",
    "fields": {
        "info": "",
        "randomize_groups": false,
        "options_from_previous_answer": "",
        "modalQuestion": null,
        "title": "Please enter your age",
        "allow_other": false,
        "label": "age",
        "options": [],
        "options_json": "",
        "order": 0,
        "type": "integer",
        "slug": "age"
    }
}, {
    "pk": 10,
    "model": "survey.question",
    "fields": {
        "info": "",
        "randomize_groups": false,
        "options_from_previous_answer": "",
        "modalQuestion": null,
        "title": "What state/province do you live in?",
        "allow_other": false,
        "label": "State or Province",
        "options": [10, 11, 12],
        "options_json": "",
        "order": 1,
        "type": "auto-single-select",
        "slug": "state-or-province"
    }
}, {
    "pk": 11,
    "model": "survey.question",
    "fields": {
        "info": "",
        "randomize_groups": false,
        "options_from_previous_answer": "",
        "modalQuestion": null,
        "title": "You indicated you live in {{ getAnswer('state-or-province') }}. What county/municipality do you live in?",
        "allow_other": false,
        "label": "county",
        "options": [],
        "options_json": "",
        "order": 2,
        "type": "text",
        "slug": "county"
    }
}, {
    "pk": 12,
    "model": "survey.question",
    "fields": {
        "info": "recreate-info",
        "randomize_groups": false,
        "options_from_previous_answer": "",
        "modalQuestion": null,
        "title": "Where did you recreate?",
        "allow_other": false,
        "label": "recreate-info",
        "options": [],
        "options_json": "",
        "order": 3,
        "type": "info",
        "slug": "recreate-info"
    }
}, {
    "pk": 13,
    "model": "survey.question",
    "fields": {
        "info": "activities",
        "randomize_groups": true,
        "options_from_previous_answer": "",
        "modalQuestion": null,
        "title": "Which of the following recreational activities have you participated in during the last 12 months in the  Pacific coast of Washington?  ",
        "allow_other": false,
        "label": "activities",
        "options": [],
        "options_json": "/static/survey/surveys/activities_wa.json",
        "order": 4,
        "type": "multi-select",
        "slug": "activities"
    }
}, {
    "pk": 14,
    "model": "survey.question",
    "fields": {
        "info": "number-trips",
        "randomize_groups": false,
        "options_from_previous_answer": "",
        "modalQuestion": null,
        "title": "Please estimate how many trips you have made to Pacific coast of Washington in the last 12 months primarily for recreation purposes (e.g., beach going, wildlife viewing, surfing, kayaking, etc.). A trip is defined as an intentional trip outside of daily routine. ",
        "allow_other": false,
        "label": "Number of Trips",
        "options": [],
        "options_json": "",
        "order": 5,
        "type": "integer",
        "slug": "number-of-trips"
    }
}, {
    "pk": 15,
    "model": "survey.question",
    "fields": {
        "info": "location-activities",
        "randomize_groups": false,
        "options_from_previous_answer": "",
        "modalQuestion": 16,
        "title": "Navigate the map or use search function to zoom to the areas which you conducted ocean and coastal recreation activities in last 12 months.",
        "allow_other": false,
        "label": "Location of Activities",
        "options": [],
        "options_json": "",
        "order": 6,
        "type": "map-multipoint",
        "slug": "activity-locations"
    }
}, {
    "pk": 16,
    "model": "survey.question",
    "fields": {
        "info": "location-activities",
        "randomize_groups": true,
        "options_from_previous_answer": null,
        "modalQuestion": null,
        "title": "Which of the following recreational activities did you participate in at this location?",
        "allow_other": false,
        "label": "Location of Activities",
        "options": [],
        "options_json": "/static/survey/surveys/activities_wa.json",
        "order": 0,
        "type": "multi-select",
        "slug": "activity-locations"
    }
}, {
    "pk": 18,
    "model": "survey.question",
    "fields": {
        "info": "last-info",
        "randomize_groups": false,
        "options_from_previous_answer": "",
        "modalQuestion": null,
        "title": "Last Trip",
        "allow_other": false,
        "label": "Last Trip",
        "options": [],
        "options_json": "",
        "order": 7,
        "type": "info",
        "slug": "last-trip"
    }
}, {
    "pk": 19,
    "model": "survey.question",
    "fields": {
        "info": "last-trip-activities",
        "randomize_groups": true,
        "options_from_previous_answer": "",
        "modalQuestion": null,
        "title": "Did you participate in any of the following coastal and ocean recreation activities during your last trip to Pacific coast of Washington?",
        "allow_other": false,
        "label": "Last Trip Activities",
        "options": [],
        "options_json": "/static/survey/surveys/activities_wa.json",
        "order": 8,
        "type": "multi-select",
        "slug": "last-trip-activities"
    }
}, {
    "pk": 20,
    "model": "survey.question",
    "fields": {
        "info": "primary-activity-last-trip",
        "randomize_groups": false,
        "options_from_previous_answer": "last-trip-activities",
        "modalQuestion": null,
        "title": "Of the coastal and ocean recreation activities you just selected, what was your primary recreational activity during your last trip to Pacific coast of Washington? The primary activity is typically the main activity that brought you to the coast on your trip.  ",
        "allow_other": false,
        "label": "Primary Activity of Last trip",
        "options": [],
        "options_json": "/static/survey/surveys/activities_wa.json",
        "order": 9,
        "type": "auto-single-select",
        "slug": "last-trip-primary"
    }
}, {
    "pk": 21,
    "model": "survey.question",
    "fields": {
        "info": "number-nights",
        "randomize_groups": false,
        "options_from_previous_answer": "",
        "modalQuestion": null,
        "title": "How many nights did you spend at the coast during your last trip to Pacific coast of Washington?",
        "allow_other": false,
        "label": "Number of Nights",
        "options": [13, 14, 15, 16, 17, 18],
        "options_json": "",
        "order": 10,
        "type": "auto-single-select",
        "slug": "number-of-nights"
    }
}, {
    "pk": 22,
    "model": "survey.question",
    "fields": {
        "info": "",
        "randomize_groups": false,
        "options_from_previous_answer": "",
        "modalQuestion": null,
        "title": "During your last trip to the Pacific coast of Washington, please indicate if your party spent money on the following items.",
        "allow_other": true,
        "label": "Spent money on items",
        "options": [19, 20, 21, 22, 23, 24, 25, 26, 27, 28, 29, 30, 31, 32],
        "options_json": "",
        "order": 11,
        "type": "multi-select",
        "slug": "items-spent"
    }
}, {
    "pk": 23,
    "model": "survey.question",
    "fields": {
        "info": "",
        "randomize_groups": false,
        "options_from_previous_answer": "",
        "modalQuestion": null,
        "title": "During your last trip to the Pacific coast of Washington, please estimate how much your party spent on the following items and the number of people it covered.",
        "allow_other": false,
        "label": "Itemized Expenditures",
        "options": [],
        "options_json": "",
        "order": 12,
        "type": "text",
        "slug": "itemized-expenditures"
    }
}, {
    "pk": 24,
    "model": "survey.question",
    "fields": {
        "info": "demo-info",
        "randomize_groups": false,
        "options_from_previous_answer": "",
        "modalQuestion": null,
        "title": "Demographic Info",
        "allow_other": false,
        "label": "Demographic Info",
        "options": [],
        "options_json": "",
        "order": 13,
        "type": "info",
        "slug": "demo-info"
    }
}, {
    "pk": 25,
    "model": "survey.question",
    "fields": {
        "info": "",
        "randomize_groups": false,
        "options_from_previous_answer": "",
        "modalQuestion": null,
        "title": "Was your total HOUSEHOLD income in the past 12 months?",
        "allow_other": false,
        "label": "household-income",
        "options": [33, 34, 35],
        "options_json": "",
        "order": 14,
        "type": "multi-select",
        "slug": "household-income"
    }
}, {
    "pk": 26,
    "model": "survey.question",
    "fields": {
        "info": "",
        "randomize_groups": false,
        "options_from_previous_answer": "",
        "modalQuestion": null,
        "title": "What is your gender?",
        "allow_other": false,
        "label": "gender",
        "options": [36, 37],
        "options_json": "",
        "order": 15,
        "type": "auto-single-select",
        "slug": "gender"
    }
}, {
    "pk": 27,
    "model": "survey.question",
    "fields": {
        "info": "",
        "randomize_groups": false,
        "options_from_previous_answer": "",
        "modalQuestion": null,
        "title": "Please indicate what you consider your racial background to be.  We greatly appreciate your effort to describe your background using the standard categories provided.  These race categories may not fully describe you, but they do match those used by the Census Bureau.  It helps us compare our survey respondents to the U.S. population. \r\n\r\nPlease check one or more categories below to indicate what race(s) you consider yourself to be. \r\n\r\n",
        "allow_other": false,
        "label": "Racial Background",
        "options": [38, 39, 40, 41, 42, 43],
        "options_json": "",
        "order": 16,
        "type": "auto-single-select",
        "slug": "racial-background"
    }
}, {
    "pk": 28,
    "model": "survey.question",
    "fields": {
        "info": "",
        "randomize_groups": false,
        "options_from_previous_answer": "",
        "modalQuestion": null,
        "title": "What is the highest level of school you have completed?",
        "allow_other": false,
        "label": "Highest Level of Education",
        "options": [44, 45, 46, 47, 48],
        "options_json": "",
        "order": 17,
        "type": "auto-single-select",
        "slug": "education"
    }
}, {
    "pk": 29,
    "model": "survey.question",
    "fields": {
        "info": "",
        "randomize_groups": false,
        "options_from_previous_answer": "",
        "modalQuestion": null,
        "title": "To help us improve future surveys, was the mapping portion of this survey easy to understand and use?",
        "allow_other": false,
        "label": "Mapping Feedback",
        "options": [50, 51, 52, 53, 49],
        "options_json": "",
        "order": 18,
        "type": "auto-single-select",
        "slug": "mapping-feedback"
    }
}, {
    "pk": 30,
    "model": "survey.question",
    "fields": {
        "info": "",
        "randomize_groups": false,
        "options_from_previous_answer": "",
        "modalQuestion": null,
        "title": "To help us improve future surveys, please provide any comments or feedback you may have that will help us improve this survey.  Was there a specific section of the survey that you had trouble understanding? What would make it easier?  ",
        "allow_other": false,
        "label": "Feedback",
        "options": [],
        "options_json": "",
        "order": 18,
        "type": "text",
        "slug": "feedback"
    }
}, {
    "pk": 31,
    "model": "survey.question",
    "fields": {
        "info": "",
        "randomize_groups": false,
        "options_from_previous_answer": "",
        "modalQuestion": null,
        "title": "We are interested in knowing about your coastal and ocean recreation activity on the Pacific coast of Washington.  Have you been to the Pacific coast of Washington (dark blue area) at least once in the last 12 months?",
        "allow_other": false,
        "label": "Been to the Area?",
        "options": [54, 55],
        "options_json": "",
        "order": 0,
        "type": "auto-single-select",
        "slug": "study-area"
    }
}, {
    "pk": 32,
    "model": "survey.question",
    "fields": {
        "info": "",
        "randomize_groups": false,
        "options_from_previous_answer": "",
        "modalQuestion": null,
        "title": "Please estimate how many trips you have made to the Pacific coast of Washington in the last 12 months for primarily recreation purposes (e.g., beach going, bird watching, fishing, surfing, boating, etc.). A trip is defined as an intentional trip to the Pacific coast of Washington separate from your daily routine.",
        "allow_other": false,
        "label": "Number of Trips",
        "options": [],
        "options_json": "",
        "order": 1,
        "type": "integer",
        "slug": "number-of-trips"
    }
}, {
    "pk": 33,
    "model": "survey.question",
    "fields": {
        "info": "",
        "randomize_groups": true,
        "options_from_previous_answer": "",
        "modalQuestion": null,
        "title": "We are interested in knowing what types of coastal and ocean recreational activities you do when you go to the Pacific coast of Washington. Which of the following activities have you participated in during the last 12 months on the Pacific coast of Washington?  ",
        "allow_other": false,
        "label": "Types of Activities",
        "options": [],
        "options_json": "/static/survey/surveys/activities_wa_panel.json",
        "order": 2,
        "type": "multi-select",
        "slug": "activities"
    }
}, {
    "pk": 40,
    "model": "survey.question",
    "fields": {
        "info": "",
        "randomize_groups": false,
        "options_from_previous_answer": "",
        "modalQuestion": null,
        "title": "Below is a map of the coastal counties within the Pacific coast of Washington. You previously responded that you visited this area {{ getAnswer('number-of-trips') }} time(s) to recreate in the last 12 months. Please indicate how many times you visited each of these coastal counties to recreate in the last 12 months on the map below. If you did not visit a particular coastal county, please choose \"zero\". Your best estimate of the county is fine.",
        "allow_other": false,
        "label": "Number of Visits to Each County",
        "options": [],
        "options_json": "",
        "order": 3,
        "type": "text",
        "slug": "county-visits"
    }
}, {
    "pk": 41,
    "model": "survey.question",
    "fields": {
        "info": "",
        "randomize_groups": false,
        "options_from_previous_answer": "",
        "modalQuestion": null,
        "title": " For how long have you been visiting the Pacific coast of Washington and enjoying one or more of the activities you identified?",
        "allow_other": false,
        "label": "How long have you been visiting the coast?",
        "options": [56, 57, 58, 59, 60],
        "options_json": "",
        "order": 4,
        "type": "auto-single-select",
        "slug": "how-long"
    }
}, {
    "pk": 42,
    "model": "survey.question",
    "fields": {
        "info": "last-trip",
        "randomize_groups": false,
        "options_from_previous_answer": "",
        "modalQuestion": null,
        "title": "Last Trip",
        "allow_other": false,
        "label": "Last Trip",
        "options": [],
        "options_json": "",
        "order": 5,
        "type": "info",
        "slug": "last-trip"
    }
}, {
    "pk": 44,
    "model": "survey.question",
    "fields": {
        "info": "",
        "randomize_groups": false,
        "options_from_previous_answer": "",
        "modalQuestion": null,
        "title": "The following questions are about your last trip for primarily recreation purposes (e.g., beach going, bird watching, surfing, boating, etc) to the coastal and ocean areas of the Pacific coast of Washington. Again, a visit is defined as an intentional trip --separate from your daily routine.",
        "allow_other": false,
        "label": "Date of last visit",
        "options": [],
        "options_json": "",
        "order": 6,
        "type": "text",
        "slug": "date-last-visit"
    }
}, {
    "pk": 45,
    "model": "survey.question",
    "fields": {
        "info": "",
        "randomize_groups": false,
        "options_from_previous_answer": "",
        "modalQuestion": null,
        "title": "When was your last coastal recreation trip to the Pacific coast of Washington --defined as the area shown in this map. Your best estimate is fine. [SHOW STUDY REGION MAP]\r\n[INSERT CALENDAR FOR RESPONDENT TO INDICATE DATE]\r\n",
        "allow_other": false,
        "label": "Date of last visit",
        "options": [],
        "options_json": "",
        "order": 7,
        "type": "text",
        "slug": "date-last-visit"
    }
}, {
    "pk": 46,
    "model": "survey.question",
    "fields": {
        "info": "",
        "randomize_groups": false,
        "options_from_previous_answer": "",
        "modalQuestion": null,
        "title": "On your last coastal recreation trip, did you start your trip from your home?  ",
        "allow_other": false,
        "label": "Did you start your last trip from home",
        "options": [54, 55],
        "options_json": "",
        "order": 8,
        "type": "auto-single-select",
        "slug": "last-trip-origin"
    }
}, {
    "pk": 47,
    "model": "survey.question",
    "fields": {
        "info": "",
        "randomize_groups": false,
        "options_from_previous_answer": "",
        "modalQuestion": null,
        "title": "What was the primary mode(s) of transportation you used to get to the Pacific coast of Washington on your last coastal recreation trip?",
        "allow_other": true,
        "label": "Primary Mode of Transportation",
        "options": [61, 62, 63, 64, 65, 66, 67],
        "options_json": "",
        "order": 9,
        "type": "multi-select",
        "slug": "primary-mode-transportation"
    }
}, {
    "pk": 48,
    "model": "survey.question",
    "fields": {
        "info": "",
        "randomize_groups": false,
        "options_from_previous_answer": "",
        "modalQuestion": null,
        "title": "What was the primary mode(s) of transportation you used to travel around the Pacific coast of Washington on your last coastal recreation trip?",
        "allow_other": true,
        "label": "Primary Mode of Transportation Around Coast",
        "options": [61, 62, 64, 65, 66, 67],
        "options_json": "",
        "order": 10,
        "type": "multi-select",
        "slug": "primary-mode-transportation-on-coast"
    }
}, {
    "pk": 49,
    "model": "survey.question",
    "fields": {
        "info": "",
        "randomize_groups": false,
        "options_from_previous_answer": "",
        "modalQuestion": null,
        "title": "Approximately how many people (including yourself) went on your last coastal recreation trip to the Pacific coast of Washington?  ",
        "allow_other": false,
        "label": "How many people went on your last trip",
        "options": [],
        "options_json": "",
        "order": 11,
        "type": "integer",
        "slug": "how-many-people"
    }
}, {
    "pk": 50,
    "model": "survey.question",
    "fields": {
        "info": "",
        "randomize_groups": true,
        "options_from_previous_answer": "",
        "modalQuestion": null,
        "title": "What coastal and ocean recreation activities did you participate in during your last coastal recreation trip to the Pacific coast of Washington?",
        "allow_other": true,
        "label": "What activities did you participate in on your last trip",
        "options": [],
        "options_json": "/static/survey/surveys/activities_wa_panel.json",
        "order": 12,
        "type": "multi-select",
        "slug": "activities-last-trip"
    }
}, {
    "pk": 51,
    "model": "survey.question",
    "fields": {
        "info": "",
        "randomize_groups": false,
        "options_from_previous_answer": "activities-last-trip",
        "modalQuestion": null,
        "title": "Of the following coastal and ocean recreation activities you selected what was your primary activity during your last coastal recreation trip to the Pacific coast of Washington? (please select only one)",
        "allow_other": false,
        "label": "Primary Activity of Last trip",
        "options": [],
        "options_json": "",
        "order": 13,
        "type": "auto-single-select",
        "slug": "last-trip-primary"
    }
}, {
    "pk": 52,
    "model": "survey.question",
    "fields": {
        "info": "",
        "randomize_groups": false,
        "options_from_previous_answer": "",
        "modalQuestion": null,
        "title": "How many nights did you spend at the coast during your last coastal recreation trip to the Pacific coast of Washington?",
        "allow_other": false,
        "label": "Number of Nights",
        "options": [13, 14, 15, 16, 17, 18],
        "options_json": "",
        "order": 14,
        "type": "auto-single-select",
        "slug": "number-of-nights"
    }
}, {
    "pk": 53,
    "model": "survey.question",
    "fields": {
        "info": "",
        "randomize_groups": false,
        "options_from_previous_answer": "",
        "modalQuestion": null,
        "title": "During your last coastal recreation trip to the Pacific coast of Washington, please indicate if your party spent money on the following items.",
        "allow_other": false,
        "label": "Last Trip Amount Spent",
        "options": [],
        "options_json": "",
        "order": 15,
        "type": "text",
        "slug": "last-trip-amount-spent"
    }
}, {
    "pk": 54,
    "model": "survey.question",
    "fields": {
        "info": "",
        "randomize_groups": false,
        "options_from_previous_answer": "",
        "modalQuestion": null,
        "title": "During your last coastal recreation trip to the Pacific coast of Washington, please estimate how much your party spent on the following items and the number of people it covered.",
        "allow_other": false,
        "label": "How much was spent",
        "options": [],
        "options_json": "",
        "order": 16,
        "type": "multi-select",
        "slug": "how-much"
    }
}, {
    "pk": 55,
    "model": "survey.question",
    "fields": {
        "info": "",
        "randomize_groups": false,
        "options_from_previous_answer": "",
        "modalQuestion": null,
        "title": "Which activities did you participate in at this location?",
        "allow_other": false,
        "label": "Activity at Location",
        "options": [],
        "options_json": "/static/survey/surveys/activities_wa_panel.json",
        "order": 0,
        "type": "multi-select",
        "slug": "activity-locations-wa-panel"
    }
}, {
    "pk": 56,
    "model": "survey.question",
    "fields": {
        "info": "",
        "randomize_groups": false,
        "options_from_previous_answer": "",
        "modalQuestion": 55,
        "title": "Navigate the map or use search function to zoom to the areas which you conducted ocean and coastal recreation activities in last 12 months.",
        "allow_other": false,
        "label": "Activity Locations",
        "options": [],
        "options_json": "",
        "order": 17,
        "type": "map-multipoint",
        "slug": "activity-locations"
    }
}, {
    "pk": 57,
    "model": "survey.question",
    "fields": {
        "info": "",
        "randomize_groups": false,
        "options_from_previous_answer": "",
        "modalQuestion": null,
        "title": "What is your name?",
        "allow_other": false,
        "label": "Your Name?",
        "options": [],
        "options_json": "",
        "order": 1,
        "type": "text",
        "slug": "name"
    }
}]