[
    {
        "fields": {
            "question": 89, 
            "survey": 5
        }, 
        "model": "survey.page", 
        "pk": 78
    }, 
    {
        "fields": {
            "question": 91, 
            "survey": 5
        }, 
        "model": "survey.page", 
        "pk": 79
    }, 
    {
        "fields": {
            "question": 92, 
            "survey": 5
        }, 
        "model": "survey.page", 
        "pk": 80
    }, 
    {
        "fields": {
            "question": 93, 
            "survey": 5
        }, 
        "model": "survey.page", 
        "pk": 81
    }, 
    {
        "fields": {
            "question": 94, 
            "survey": 5
        }, 
        "model": "survey.page", 
        "pk": 82
    }, 
    {
        "fields": {
            "question": 97, 
            "survey": 5
        }, 
        "model": "survey.page", 
        "pk": 83
    }, 
    {
        "fields": {
            "question": 98, 
            "survey": 5
        }, 
        "model": "survey.page", 
        "pk": 84
    }, 
    {
        "fields": {
            "question": 99, 
            "survey": 5
        }, 
        "model": "survey.page", 
        "pk": 85
    }, 
    {
        "fields": {
            "question": 100, 
            "survey": 5
        }, 
        "model": "survey.page", 
        "pk": 86
    }, 
    {
        "fields": {
            "question": 101, 
            "survey": 5
        }, 
        "model": "survey.page", 
        "pk": 87
    }, 
    {
        "fields": {
            "question": 102, 
            "survey": 5
        }, 
        "model": "survey.page", 
        "pk": 88
    }, 
    {
        "fields": {
            "question": 105, 
            "survey": 5
        }, 
        "model": "survey.page", 
        "pk": 90
    }, 
    {
        "fields": {
            "question": 106, 
            "survey": 5
        }, 
        "model": "survey.page", 
        "pk": 91
    }, 
    {
        "fields": {
            "question": 107, 
            "survey": 5
        }, 
        "model": "survey.page", 
        "pk": 92
    }, 
    {
        "fields": {
            "question": 103, 
            "survey": 5
        }, 
        "model": "survey.page", 
        "pk": 93
    }, 
    {
        "fields": {
            "question": 109, 
            "survey": 5
        }, 
        "model": "survey.page", 
        "pk": 94
    }, 
    {
        "fields": {
            "question": 110, 
            "survey": 5
        }, 
        "model": "survey.page", 
        "pk": 95
    }, 
    {
        "fields": {
            "anon": true, 
            "name": "Volume and Origin", 
            "offline": true, 
            "slug": "volume-and-origin", 
            "states": ""
        }, 
        "model": "survey.survey", 
        "pk": 5
    }, 
    {
        "fields": {
            "label": "NY", 
            "text": "New York"
        }, 
        "model": "survey.option", 
        "pk": 4
    }, 
    {
        "fields": {
            "label": "NJ", 
            "text": "New Jersey"
        }, 
        "model": "survey.option", 
        "pk": 5
    }, 
    {
        "fields": {
            "label": "DE", 
            "text": "Delaware"
        }, 
        "model": "survey.option", 
        "pk": 6
    }, 
    {
        "fields": {
            "label": "MD", 
            "text": "Maryland"
        }, 
        "model": "survey.option", 
        "pk": 7
    }, 
    {
        "fields": {
            "label": "VA", 
            "text": "Virgina"
        }, 
        "model": "survey.option", 
        "pk": 8
    }, 
    {
        "fields": {
            "label": "DC", 
            "text": "District of Columbia"
        }, 
        "model": "survey.option", 
        "pk": 9
    }, 
    {
        "fields": {
            "label": "washington", 
            "text": "Washington"
        }, 
        "model": "survey.option", 
        "pk": 10
    }, 
    {
        "fields": {
            "label": "oregon", 
            "text": "Oregon"
        }, 
        "model": "survey.option", 
        "pk": 11
    }, 
    {
        "fields": {
            "label": "british-columbia", 
            "text": "British Columbia"
        }, 
        "model": "survey.option", 
        "pk": 12
    }, 
    {
        "fields": {
            "label": "0", 
            "text": "0 nights"
        }, 
        "model": "survey.option", 
        "pk": 13
    }, 
    {
        "fields": {
            "label": "1", 
            "text": "1 night"
        }, 
        "model": "survey.option", 
        "pk": 14
    }, 
    {
        "fields": {
            "label": "2", 
            "text": "2 nights"
        }, 
        "model": "survey.option", 
        "pk": 15
    }, 
    {
        "fields": {
            "label": "3", 
            "text": "3 nights"
        }, 
        "model": "survey.option", 
        "pk": 16
    }, 
    {
        "fields": {
            "label": "4", 
            "text": "4 nights"
        }, 
        "model": "survey.option", 
        "pk": 17
    }, 
    {
        "fields": {
            "label": "5", 
            "text": "5+ nights"
        }, 
        "model": "survey.option", 
        "pk": 18
    }, 
    {
        "fields": {
            "label": "parking", 
            "text": "Parking"
        }, 
        "model": "survey.option", 
        "pk": 19
    }, 
    {
        "fields": {
            "label": "car-fuel", 
            "text": "Car Fuel"
        }, 
        "model": "survey.option", 
        "pk": 20
    }, 
    {
        "fields": {
            "label": "airline-flight", 
            "text": "Airline Flight"
        }, 
        "model": "survey.option", 
        "pk": 21
    }, 
    {
        "fields": {
            "label": "food-and-beverages-store", 
            "text": "Food and beverages from a store"
        }, 
        "model": "survey.option", 
        "pk": 22
    }, 
    {
        "fields": {
            "label": "food-and-beverages-restaurant-or-bar", 
            "text": "Food and beverages at a restaurant or bar"
        }, 
        "model": "survey.option", 
        "pk": 23
    }, 
    {
        "fields": {
            "label": "souvenirs-t-shirts-posters-gifts-etc", 
            "text": "Souvenirs (t-shirts, posters, gifts, etc.)"
        }, 
        "model": "survey.option", 
        "pk": 24
    }, 
    {
        "fields": {
            "label": "sundries-sunscreen-surf-wax-motion-sickness-pills-batteries-film", 
            "text": "Sundries (sunscreen, surf wax, motion sickness pills, batteries, film and processing etc.)"
        }, 
        "model": "survey.option", 
        "pk": 25
    }, 
    {
        "fields": {
            "label": "car-rental", 
            "text": "Car rental"
        }, 
        "model": "survey.option", 
        "pk": 26
    }, 
    {
        "fields": {
            "label": "dive-equiment-rental-and-airfills", 
            "text": "Dive equiment rental and airfills"
        }, 
        "model": "survey.option", 
        "pk": 27
    }, 
    {
        "fields": {
            "label": "equipment-rental-surfboard-bike-kayak-stand-paddleetc", 
            "text": "Equipment rental (Surfboard, bike, kayak, stand up paddle,etc)"
        }, 
        "model": "survey.option", 
        "pk": 28
    }, 
    {
        "fields": {
            "label": "lodging-if-you-stayed-overnight", 
            "text": "Lodging (if you stayed overnight)"
        }, 
        "model": "survey.option", 
        "pk": 29
    }, 
    {
        "fields": {
            "label": "charter-fee-whale-watching-etc", 
            "text": "Charter fee (whale watching, etc.)"
        }, 
        "model": "survey.option", 
        "pk": 30
    }, 
    {
        "fields": {
            "label": "museum-aquarium-or-other-entrance-fee", 
            "text": "Museum, aquarium, or other entrance fee"
        }, 
        "model": "survey.option", 
        "pk": 31
    }, 
    {
        "fields": {
            "label": "lessons-clinics-camps", 
            "text": "Lessons, clinics, camps"
        }, 
        "model": "survey.option", 
        "pk": 32
    }, 
    {
        "fields": {
            "label": "male", 
            "text": "Male"
        }, 
        "model": "survey.option", 
        "pk": 36
    }, 
    {
        "fields": {
            "label": "female", 
            "text": "Female"
        }, 
        "model": "survey.option", 
        "pk": 37
    }, 
    {
        "fields": {
            "label": "white", 
            "text": "White"
        }, 
        "model": "survey.option", 
        "pk": 38
    }, 
    {
        "fields": {
            "label": "black-or-african-american", 
            "text": "Black or African American"
        }, 
        "model": "survey.option", 
        "pk": 39
    }, 
    {
        "fields": {
            "label": "hispanic-spanish-or-latino", 
            "text": "Hispanic, Spanish or Latino"
        }, 
        "model": "survey.option", 
        "pk": 40
    }, 
    {
        "fields": {
            "label": "american-indian-or-alaska-native", 
            "text": "American Indian or Alaska Native"
        }, 
        "model": "survey.option", 
        "pk": 41
    }, 
    {
        "fields": {
            "label": "asianpacific-islander", 
            "text": "Asian/Pacific Islander"
        }, 
        "model": "survey.option", 
        "pk": 42
    }, 
    {
        "fields": {
            "label": "other", 
            "text": "Other"
        }, 
        "model": "survey.option", 
        "pk": 43
    }, 
    {
        "fields": {
            "label": "no-formal-education", 
            "text": "No formal education"
        }, 
        "model": "survey.option", 
        "pk": 44
    }, 
    {
        "fields": {
            "label": "less-high-school", 
            "text": "Less than high school"
        }, 
        "model": "survey.option", 
        "pk": 45
    }, 
    {
        "fields": {
            "label": "high-school", 
            "text": "High School"
        }, 
        "model": "survey.option", 
        "pk": 46
    }, 
    {
        "fields": {
            "label": "some-college", 
            "text": "Some college"
        }, 
        "model": "survey.option", 
        "pk": 47
    }, 
    {
        "fields": {
            "label": "bachelors-degree-or-higher", 
            "text": "Bachelor's degree"
        }, 
        "model": "survey.option", 
        "pk": 48
    }, 
    {
        "fields": {
            "label": "strongly-agree", 
            "text": "Strongly Agree"
        }, 
        "model": "survey.option", 
        "pk": 49
    }, 
    {
        "fields": {
            "label": "somewhat-agree", 
            "text": "Somewhat Agree"
        }, 
        "model": "survey.option", 
        "pk": 50
    }, 
    {
        "fields": {
            "label": "neither-agree-nor-disagree", 
            "text": "Neither Agree nor Disagree"
        }, 
        "model": "survey.option", 
        "pk": 51
    }, 
    {
        "fields": {
            "label": "somewhat-disagree", 
            "text": "Somewhat Disagree"
        }, 
        "model": "survey.option", 
        "pk": 52
    }, 
    {
        "fields": {
            "label": "strongly-disagree", 
            "text": "Strongly Disagree"
        }, 
        "model": "survey.option", 
        "pk": 53
    }, 
    {
        "fields": {
            "label": "yes", 
            "text": "Yes"
        }, 
        "model": "survey.option", 
        "pk": 54
    }, 
    {
        "fields": {
            "label": "no", 
            "text": "No"
        }, 
        "model": "survey.option", 
        "pk": 55
    }, 
    {
        "fields": {
            "label": "just-last-year", 
            "text": "Just the last year"
        }, 
        "model": "survey.option", 
        "pk": 56
    }, 
    {
        "fields": {
            "label": "one-three-years", 
            "text": "One to three years"
        }, 
        "model": "survey.option", 
        "pk": 57
    }, 
    {
        "fields": {
            "label": "about-four-ten-years", 
            "text": "About four to ten years"
        }, 
        "model": "survey.option", 
        "pk": 58
    }, 
    {
        "fields": {
            "label": "more-ten-years", 
            "text": "More than ten years"
        }, 
        "model": "survey.option", 
        "pk": 59
    }, 
    {
        "fields": {
            "label": "all-my-life", 
            "text": "All my life"
        }, 
        "model": "survey.option", 
        "pk": 60
    }, 
    {
        "fields": {
            "label": "bus", 
            "text": "Bus"
        }, 
        "model": "survey.option", 
        "pk": 61
    }, 
    {
        "fields": {
            "label": "bike", 
            "text": "Bike"
        }, 
        "model": "survey.option", 
        "pk": 62
    }, 
    {
        "fields": {
            "label": "fly", 
            "text": "Fly"
        }, 
        "model": "survey.option", 
        "pk": 63
    }, 
    {
        "fields": {
            "label": "walking", 
            "text": "Walking"
        }, 
        "model": "survey.option", 
        "pk": 64
    }, 
    {
        "fields": {
            "label": "drove-personal-car", 
            "text": "Drove a personal car"
        }, 
        "model": "survey.option", 
        "pk": 65
    }, 
    {
        "fields": {
            "label": "drove-rented-car", 
            "text": "Drove a rented car"
        }, 
        "model": "survey.option", 
        "pk": 66
    }, 
    {
        "fields": {
            "label": "rode-someone-else-carpooled", 
            "text": "Rode with someone else -- carpooled"
        }, 
        "model": "survey.option", 
        "pk": 67
    }, 
    {
        "fields": {
            "label": "first-option", 
            "text": "First Option"
        }, 
        "model": "survey.option", 
        "pk": 68
    }, 
    {
        "fields": {
            "label": "second-option", 
            "text": "Second Option"
        }, 
        "model": "survey.option", 
        "pk": 69
    }, 
    {
        "fields": {
            "label": "third-option", 
            "text": "Third Option"
        }, 
        "model": "survey.option", 
        "pk": 70
    }, 
    {
        "fields": {
            "label": "income-1-below-30000", 
            "text": "Below $30,000"
        }, 
        "model": "survey.option", 
        "pk": 76
    }, 
    {
        "fields": {
            "label": "income-2-30000-54999", 
            "text": "$30,000 to $54,999"
        }, 
        "model": "survey.option", 
        "pk": 77
    }, 
    {
        "fields": {
            "label": "income-3-55000-94999", 
            "text": "$55,000 to $94,999"
        }, 
        "model": "survey.option", 
        "pk": 78
    }, 
    {
        "fields": {
            "label": "income-4-95000-and-over", 
            "text": "$95,000 and over"
        }, 
        "model": "survey.option", 
        "pk": 79
    }, 
    {
        "fields": {
            "label": "income-5-dont-know", 
            "text": "Don't know"
        }, 
        "model": "survey.option", 
        "pk": 80
    }, 
    {
        "fields": {
            "label": "0-60-miles", 
            "text": "0-60 miles"
        }, 
        "model": "survey.option", 
        "pk": 81
    }, 
    {
        "fields": {
            "label": "61-120-miles", 
            "text": "61-120 miles"
        }, 
        "model": "survey.option", 
        "pk": 82
    }, 
    {
        "fields": {
            "label": "121-180-miles", 
            "text": "121-180 miles"
        }, 
        "model": "survey.option", 
        "pk": 83
    }, 
    {
        "fields": {
            "label": "180-miles", 
            "text": "180+ miles"
        }, 
        "model": "survey.option", 
        "pk": 84
    }, 
    {
        "fields": {
            "label": "i-do-not-live-coast", 
            "text": " I do not live on the coast"
        }, 
        "model": "survey.option", 
        "pk": 85
    }, 
    {
        "fields": {
            "label": "not-all", 
            "text": "Not at all"
        }, 
        "model": "survey.option", 
        "pk": 86
    }, 
    {
        "fields": {
            "label": "little", 
            "text": "A little"
        }, 
        "model": "survey.option", 
        "pk": 87
    }, 
    {
        "fields": {
            "label": "not-sure", 
            "text": "Not sure"
        }, 
        "model": "survey.option", 
        "pk": 88
    }, 
    {
        "fields": {
            "label": "lot", 
            "text": "A lot"
        }, 
        "model": "survey.option", 
        "pk": 89
    }, 
    {
        "fields": {
            "label": "main-reason-i-live-coast", 
            "text": "Main reason I live on the coast"
        }, 
        "model": "survey.option", 
        "pk": 90
    }, 
    {
        "fields": {
            "label": "graduate-or-professional-degree", 
            "text": "Graduate or professional degree"
        }, 
        "model": "survey.option", 
        "pk": 91
    }, 
    {
        "fields": {
            "label": "yes", 
            "text": "Yes"
        }, 
        "model": "survey.option", 
        "pk": 92
    }, 
    {
        "fields": {
            "label": "no", 
            "text": "No"
        }, 
        "model": "survey.option", 
        "pk": 93
    }, 
    {
        "fields": {
            "label": "50-liter", 
            "text": "50 liter"
        }, 
        "model": "survey.option", 
        "pk": 94
    }, 
    {
        "fields": {
            "label": "100-liter", 
            "text": "100 liter"
        }, 
        "model": "survey.option", 
        "pk": 95
    }, 
    {
        "fields": {
            "label": "150-liter", 
            "text": "150 liter"
        }, 
        "model": "survey.option", 
        "pk": 96
    }, 
    {
        "fields": {
            "label": "200-liter", 
            "text": "200 liter"
        }, 
        "model": "survey.option", 
        "pk": 97
    }, 
    {
        "fields": {
            "label": "300-liter", 
            "text": "300 liter"
        }, 
        "model": "survey.option", 
        "pk": 98
    }, 
    {
        "fields": {
            "label": "spear", 
            "text": "Spear"
        }, 
        "model": "survey.option", 
        "pk": 99
    }, 
    {
        "fields": {
            "label": "net", 
            "text": "Net"
        }, 
        "model": "survey.option", 
        "pk": 100
    }, 
    {
        "fields": {
            "label": "handline", 
            "text": "Handline"
        }, 
        "model": "survey.option", 
        "pk": 101
    }, 
    {
        "fields": {
            "label": "common-reef-fish", 
            "text": "Common Reef Fish"
        }, 
        "model": "survey.option", 
        "pk": 102
    }, 
    {
        "fields": {
            "label": "topa", 
            "text": "Topa"
        }, 
        "model": "survey.option", 
        "pk": 103
    }, 
    {
        "fields": {
            "label": "kingfish", 
            "text": "Kingfish"
        }, 
        "model": "survey.option", 
        "pk": 104
    }, 
    {
        "fields": {
            "label": "spanish-mackere", 
            "text": "Spanish Mackere"
        }, 
        "model": "survey.option", 
        "pk": 105
    }, 
    {
        "fields": {
            "label": "coral-groupercoral-trout", 
            "text": "Coral grouper/Coral trout"
        }, 
        "model": "survey.option", 
        "pk": 106
    }, 
    {
        "fields": {
            "label": "deepwater-snapper", 
            "text": "Deepwater Snapper"
        }, 
        "model": "survey.option", 
        "pk": 107
    }, 
    {
        "fields": {
            "label": "humpheadnapoleon-wrasse", 
            "text": "Humphead/Napoleon Wrasse"
        }, 
        "model": "survey.option", 
        "pk": 108
    }, 
    {
        "fields": {
            "label": "molluscsquidoctopuslobster", 
            "text": "Mollusc/squid/octopus/lobster"
        }, 
        "model": "survey.option", 
        "pk": 109
    }, 
    {
        "fields": {
            "allow_other": false, 
            "filterBy": false, 
            "filter_questions": [], 
            "hoist_answers": null, 
            "info": "", 
            "integer_max": 365, 
            "integer_min": 0, 
            "label": "survey-name", 
            "lat": null, 
            "lng": null, 
            "min_zoom": 10, 
            "modalQuestion": null, 
            "options": [], 
            "options_from_previous_answer": "", 
            "options_json": "", 
            "order": 0, 
            "randomize_groups": false, 
            "report_type": "distribution", 
            "required": true, 
            "slug": "surveyor-name", 
            "term_condition": "", 
            "title": "Surveyor Name", 
            "type": "text", 
            "visualize": false, 
            "zoom": null
        }, 
        "model": "survey.question", 
        "pk": 89
    }, 
    {
        "fields": {
            "allow_other": false, 
            "filterBy": false, 
            "filter_questions": [], 
            "hoist_answers": null, 
            "info": "", 
            "integer_max": 365, 
            "integer_min": 0, 
            "label": "survey-date", 
            "lat": null, 
            "lng": null, 
            "min_zoom": 10, 
            "modalQuestion": null, 
            "options": [], 
            "options_from_previous_answer": "", 
            "options_json": "", 
            "order": 1, 
            "randomize_groups": false, 
            "report_type": "distribution", 
            "required": true, 
            "slug": "survey-date", 
            "term_condition": "", 
            "title": "Date of Survey", 
            "type": "datepicker", 
            "visualize": false, 
            "zoom": null
        }, 
        "model": "survey.question", 
        "pk": 91
    }, 
    {
        "fields": {
            "allow_other": false, 
            "filterBy": false, 
            "filter_questions": [], 
            "hoist_answers": null, 
            "info": "", 
            "integer_max": 365, 
            "integer_min": 0, 
            "label": "date of first sale", 
            "lat": null, 
            "lng": null, 
            "min_zoom": 10, 
            "modalQuestion": null, 
            "options": [], 
            "options_from_previous_answer": "", 
            "options_json": "", 
            "order": 3, 
            "randomize_groups": false, 
            "report_type": "distribution", 
            "required": true, 
            "slug": "date-first-sale", 
            "term_condition": "", 
            "title": "Date of First Sale", 
            "type": "datepicker", 
            "visualize": false, 
            "zoom": null
        }, 
        "model": "survey.question", 
        "pk": 92
    }, 
    {
        "fields": {
            "allow_other": false, 
            "filterBy": false, 
            "filter_questions": [], 
            "hoist_answers": null, 
            "info": "", 
            "integer_max": 365, 
            "integer_min": 0, 
            "label": "Time of Survey", 
            "lat": null, 
            "lng": null, 
            "min_zoom": 10, 
            "modalQuestion": null, 
            "options": [], 
            "options_from_previous_answer": "", 
            "options_json": "", 
            "order": 4, 
            "randomize_groups": false, 
            "report_type": "distribution", 
            "required": true, 
            "slug": "survey-time", 
            "term_condition": "", 
            "title": "Time of Survey", 
            "type": "timepicker", 
            "visualize": false, 
            "zoom": null
        }, 
        "model": "survey.question", 
        "pk": 93
    }, 
    {
        "fields": {
            "allow_other": false, 
            "filterBy": false, 
            "filter_questions": [], 
            "hoist_answers": null, 
            "info": "", 
            "integer_max": 365, 
            "integer_min": 0, 
            "label": "Eskie Owner", 
            "lat": null, 
            "lng": null, 
            "min_zoom": 10, 
            "modalQuestion": null, 
            "options": [
                92, 
                93
            ], 
            "options_from_previous_answer": "", 
            "options_json": "", 
            "order": 5, 
            "randomize_groups": false, 
            "report_type": "distribution", 
            "required": true, 
            "slug": "eskie-owner", 
            "term_condition": "", 
            "title": "Vendor owns the Eskie?", 
            "type": "single-select", 
            "visualize": false, 
            "zoom": null
        }, 
        "model": "survey.question", 
        "pk": 94
    }, 
    {
        "fields": {
            "allow_other": false, 
            "filterBy": false, 
            "filter_questions": [], 
            "hoist_answers": null, 
            "info": "", 
            "integer_max": 365, 
            "integer_min": 0, 
            "label": "Total Volume (kilograms)", 
            "lat": null, 
            "lng": null, 
            "min_zoom": 10, 
            "modalQuestion": null, 
            "options": [], 
            "options_from_previous_answer": "", 
            "options_json": "", 
            "order": 6, 
            "randomize_groups": false, 
            "report_type": "distribution", 
            "required": true, 
            "slug": "total-volume", 
            "term_condition": "", 
            "title": "Total Volume For All Resources (kilograms)", 
            "type": "integer", 
            "visualize": false, 
            "zoom": null
        }, 
        "model": "survey.question", 
        "pk": 97
    }, 
    {
        "fields": {
            "allow_other": false, 
            "filterBy": false, 
            "filter_questions": [], 
            "hoist_answers": null, 
            "info": "", 
            "integer_max": 365, 
            "integer_min": 0, 
            "label": "Vendor Code", 
            "lat": null, 
            "lng": null, 
            "min_zoom": 10, 
            "modalQuestion": null, 
            "options": [], 
            "options_from_previous_answer": "", 
            "options_json": "", 
            "order": 7, 
            "randomize_groups": false, 
            "report_type": "distribution", 
            "required": true, 
            "slug": "vendor-code", 
            "term_condition": "", 
            "title": "Vendior Code", 
            "type": "text", 
            "visualize": false, 
            "zoom": null
        }, 
        "model": "survey.question", 
        "pk": 98
    }, 
    {
        "fields": {
            "allow_other": true, 
            "filterBy": false, 
            "filter_questions": [], 
            "hoist_answers": null, 
            "info": "", 
            "integer_max": 365, 
            "integer_min": 0, 
            "label": "Eskie Size/wt", 
            "lat": null, 
            "lng": null, 
            "min_zoom": 10, 
            "modalQuestion": null, 
            "options": [
                94, 
                95, 
                96, 
                97, 
                98
            ], 
            "options_from_previous_answer": "", 
            "options_json": "", 
            "order": 8, 
            "randomize_groups": false, 
            "report_type": "distribution", 
            "required": true, 
            "slug": "eskie-size", 
            "term_condition": "", 
            "title": "Eskie size/wt", 
            "type": "single-select", 
            "visualize": false, 
            "zoom": null
        }, 
        "model": "survey.question", 
        "pk": 99
    }, 
    {
        "fields": {
            "allow_other": true, 
            "filterBy": false, 
            "filter_questions": [], 
            "hoist_answers": null, 
            "info": "", 
            "integer_max": 365, 
            "integer_min": 0, 
            "label": "Gear Type", 
            "lat": null, 
            "lng": null, 
            "min_zoom": 10, 
            "modalQuestion": null, 
            "options": [
                99, 
                100, 
                101
            ], 
            "options_from_previous_answer": "", 
            "options_json": "", 
            "order": 9, 
            "randomize_groups": false, 
            "report_type": "distribution", 
            "required": true, 
            "slug": "gear-type", 
            "term_condition": "", 
            "title": "Gear Type", 
            "type": "multi-select", 
            "visualize": false, 
            "zoom": null
        }, 
        "model": "survey.question", 
        "pk": 100
    }, 
    {
        "fields": {
            "allow_other": false, 
            "filterBy": false, 
            "filter_questions": [], 
            "hoist_answers": null, 
            "info": "", 
            "integer_max": 365, 
            "integer_min": 0, 
            "label": "Ice Volume (kilograms)", 
            "lat": null, 
            "lng": null, 
            "min_zoom": 10, 
            "modalQuestion": null, 
            "options": [], 
            "options_from_previous_answer": "", 
            "options_json": "", 
            "order": 10, 
            "randomize_groups": false, 
            "report_type": "distribution", 
            "required": true, 
            "slug": "ice-volume", 
            "term_condition": "", 
            "title": "Ice Volume (kilograms)", 
            "type": "integer", 
            "visualize": false, 
            "zoom": null
        }, 
        "model": "survey.question", 
        "pk": 101
    }, 
    {
        "fields": {
            "allow_other": false, 
            "filterBy": false, 
            "filter_questions": [], 
            "hoist_answers": null, 
            "info": "", 
            "integer_max": 365, 
            "integer_min": 0, 
            "label": "Ice Origin", 
            "lat": null, 
            "lng": null, 
            "min_zoom": 10, 
            "modalQuestion": null, 
            "options": [], 
            "options_from_previous_answer": "", 
            "options_json": "", 
            "order": 11, 
            "randomize_groups": false, 
            "report_type": "distribution", 
            "required": true, 
            "slug": "ice-origin", 
            "term_condition": "", 
            "title": "Ice Origin", 
            "type": "textarea", 
            "visualize": false, 
            "zoom": null
        }, 
        "model": "survey.question", 
        "pk": 102
    }, 
    {
        "fields": {
            "allow_other": false, 
            "filterBy": false, 
            "filter_questions": [], 
            "hoist_answers": null, 
            "info": "", 
            "integer_max": 365, 
            "integer_min": 0, 
            "label": "Ice Cost", 
            "lat": null, 
            "lng": null, 
            "min_zoom": 10, 
            "modalQuestion": null, 
            "options": [], 
            "options_from_previous_answer": "", 
            "options_json": "", 
            "order": 12, 
            "randomize_groups": false, 
            "report_type": "distribution", 
            "required": true, 
            "slug": "ice-cost", 
            "term_condition": "", 
            "title": "Ice Purchase Cost", 
            "type": "currency", 
            "visualize": false, 
            "zoom": null
        }, 
        "model": "survey.question", 
        "pk": 103
    }, 
    {
        "fields": {
            "allow_other": false, 
            "filterBy": false, 
            "filter_questions": [], 
            "hoist_answers": null, 
            "info": "", 
            "integer_max": 365, 
            "integer_min": 0, 
            "label": "Transport Cost: Boat/canoe", 
            "lat": null, 
            "lng": null, 
            "min_zoom": 10, 
            "modalQuestion": null, 
            "options": [], 
            "options_from_previous_answer": "", 
            "options_json": "", 
            "order": 14, 
            "randomize_groups": false, 
            "report_type": "distribution", 
            "required": true, 
            "slug": "transport-cost-boat", 
            "term_condition": "", 
            "title": "Transport Cost: Boat/canoe", 
            "type": "currency", 
            "visualize": false, 
            "zoom": null
        }, 
        "model": "survey.question", 
        "pk": 105
    }, 
    {
        "fields": {
            "allow_other": false, 
            "filterBy": false, 
            "filter_questions": [], 
            "hoist_answers": null, 
            "info": "", 
            "integer_max": 365, 
            "integer_min": 0, 
            "label": "Transport Cost: Ship", 
            "lat": null, 
            "lng": null, 
            "min_zoom": 10, 
            "modalQuestion": null, 
            "options": [], 
            "options_from_previous_answer": "", 
            "options_json": "", 
            "order": 15, 
            "randomize_groups": false, 
            "report_type": "distribution", 
            "required": true, 
            "slug": "transport-cost-ship", 
            "term_condition": "", 
            "title": "Transport Cost: Ship", 
            "type": "currency", 
            "visualize": false, 
            "zoom": null
        }, 
        "model": "survey.question", 
        "pk": 106
    }, 
    {
        "fields": {
            "allow_other": false, 
            "filterBy": false, 
            "filter_questions": [], 
            "hoist_answers": null, 
            "info": "", 
            "integer_max": 365, 
            "integer_min": 0, 
            "label": "Storage Cost", 
            "lat": null, 
            "lng": null, 
            "min_zoom": 10, 
            "modalQuestion": null, 
            "options": [], 
            "options_from_previous_answer": "", 
            "options_json": "", 
            "order": 16, 
            "randomize_groups": false, 
            "report_type": "distribution", 
            "required": true, 
            "slug": "storage-cost", 
            "term_condition": "", 
            "title": "Total Storage Cost", 
            "type": "currency", 
            "visualize": false, 
            "zoom": null
        }, 
        "model": "survey.question", 
        "pk": 107
    }, 
    {
        "fields": {
            "allow_other": false, 
            "filterBy": false, 
            "filter_questions": [], 
            "hoist_answers": null, 
            "info": "", 
            "integer_max": 365, 
            "integer_min": 0, 
            "label": "Days of Storage", 
            "lat": null, 
            "lng": null, 
            "min_zoom": 10, 
            "modalQuestion": null, 
            "options": [], 
            "options_from_previous_answer": "", 
            "options_json": "", 
            "order": 17, 
            "randomize_groups": false, 
            "report_type": "distribution", 
            "required": true, 
            "slug": "storage-days", 
            "term_condition": "", 
            "title": "Days of Storage", 
            "type": "integer", 
            "visualize": false, 
            "zoom": null
        }, 
        "model": "survey.question", 
        "pk": 108
    }, 
    {
        "fields": {
            "allow_other": false, 
            "filterBy": false, 
            "filter_questions": [], 
            "hoist_answers": null, 
            "info": "", 
            "integer_max": 365, 
            "integer_min": 0, 
            "label": "Days of Storage", 
            "lat": null, 
            "lng": null, 
            "min_zoom": 10, 
            "modalQuestion": null, 
            "options": [], 
            "options_from_previous_answer": "", 
            "options_json": "", 
            "order": 18, 
            "randomize_groups": false, 
            "report_type": "distribution", 
            "required": true, 
            "slug": "days-storage", 
            "term_condition": "", 
            "title": "Days of Storage", 
            "type": "integer", 
            "visualize": false, 
            "zoom": null
        }, 
        "model": "survey.question", 
        "pk": 109
    }, 
    {
        "fields": {
            "allow_other": false, 
            "filterBy": false, 
            "filter_questions": [], 
            "hoist_answers": null, 
            "info": "", 
            "integer_max": 365, 
            "integer_min": 0, 
            "label": "Resource Types(s)", 
            "lat": null, 
            "lng": null, 
            "min_zoom": 10, 
            "modalQuestion": null, 
            "options": [
                102, 
                103, 
                104, 
                105, 
                106, 
                107, 
                108, 
                109
            ], 
            "options_from_previous_answer": "", 
            "options_json": "", 
            "order": 19, 
            "randomize_groups": false, 
            "report_type": "distribution", 
            "required": true, 
            "slug": "resource-type", 
            "term_condition": "", 
            "title": "Resource Type(s)", 
            "type": "multi-select", 
            "visualize": false, 
            "zoom": null
        }, 
        "model": "survey.question", 
        "pk": 110
    }
]
