[
    {
        "fields": {
            "question": 89, 
            "survey": 5
        }, 
        "model": "survey.page", 
        "pk": 78
    }, 
    {
        "fields": {
            "question": 91, 
            "survey": 5
        }, 
        "model": "survey.page", 
        "pk": 79
    }, 
    {
        "fields": {
            "question": 92, 
            "survey": 5
        }, 
        "model": "survey.page", 
        "pk": 80
    }, 
    {
        "fields": {
            "question": 93, 
            "survey": 5
        }, 
        "model": "survey.page", 
        "pk": 81
    }, 
    {
        "fields": {
            "question": 94, 
            "survey": 5
        }, 
        "model": "survey.page", 
        "pk": 82
    }, 
    {
        "fields": {
            "question": 97, 
            "survey": 5
        }, 
        "model": "survey.page", 
        "pk": 83
    }, 
    {
        "fields": {
            "question": 98, 
            "survey": 5
        }, 
        "model": "survey.page", 
        "pk": 84
    }, 
    {
        "fields": {
            "question": 99, 
            "survey": 5
        }, 
        "model": "survey.page", 
        "pk": 85
    }, 
    {
        "fields": {
            "question": 100, 
            "survey": 5
        }, 
        "model": "survey.page", 
        "pk": 86
    }, 
    {
        "fields": {
            "question": 101, 
            "survey": 5
        }, 
        "model": "survey.page", 
        "pk": 87
    }, 
    {
        "fields": {
            "question": 102, 
            "survey": 5
        }, 
        "model": "survey.page", 
        "pk": 88
    }, 
    {
        "fields": {
            "question": 105, 
            "survey": 5
        }, 
        "model": "survey.page", 
        "pk": 90
    }, 
    {
        "fields": {
            "question": 106, 
            "survey": 5
        }, 
        "model": "survey.page", 
        "pk": 91
    }, 
    {
        "fields": {
            "question": 107, 
            "survey": 5
        }, 
        "model": "survey.page", 
        "pk": 92
    }, 
    {
        "fields": {
            "question": 103, 
            "survey": 5
        }, 
        "model": "survey.page", 
        "pk": 93
    }, 
    {
        "fields": {
            "question": 109, 
            "survey": 5
        }, 
        "model": "survey.page", 
        "pk": 94
    }, 
    {
        "fields": {
            "question": 110, 
            "survey": 5
        }, 
        "model": "survey.page", 
        "pk": 95
    }, 
    {
        "fields": {
            "question": 111, 
            "survey": 5
        }, 
        "model": "survey.page", 
        "pk": 96
    }, 
    {
        "fields": {
            "question": 112, 
            "survey": 5
        }, 
        "model": "survey.page", 
        "pk": 97
    }, 
    {
        "fields": {
            "anon": true, 
            "name": "Volume and Origin", 
            "offline": true, 
            "slug": "volume-and-origin", 
            "states": ""
        }, 
        "model": "survey.survey", 
        "pk": 5
    }, 
    {
        "fields": {
            "label": "yes", 
            "text": "Yes"
        }, 
        "model": "survey.option", 
        "pk": 92
    }, 
    {
        "fields": {
            "label": "no", 
            "text": "No"
        }, 
        "model": "survey.option", 
        "pk": 93
    }, 
    {
        "fields": {
            "label": "50-liter", 
            "text": "50 liter"
        }, 
        "model": "survey.option", 
        "pk": 94
    }, 
    {
        "fields": {
            "label": "100-liter", 
            "text": "100 liter"
        }, 
        "model": "survey.option", 
        "pk": 95
    }, 
    {
        "fields": {
            "label": "150-liter", 
            "text": "150 liter"
        }, 
        "model": "survey.option", 
        "pk": 96
    }, 
    {
        "fields": {
            "label": "200-liter", 
            "text": "200 liter"
        }, 
        "model": "survey.option", 
        "pk": 97
    }, 
    {
        "fields": {
            "label": "300-liter", 
            "text": "300 liter"
        }, 
        "model": "survey.option", 
        "pk": 98
    }, 
    {
        "fields": {
            "label": "spear", 
            "text": "Spear"
        }, 
        "model": "survey.option", 
        "pk": 99
    }, 
    {
        "fields": {
            "label": "net", 
            "text": "Net"
        }, 
        "model": "survey.option", 
        "pk": 100
    }, 
    {
        "fields": {
            "label": "handline", 
            "text": "Handline"
        }, 
        "model": "survey.option", 
        "pk": 101
    }, 
    {
        "fields": {
            "label": "common-reef-fish", 
            "text": "Common Reef Fish"
        }, 
        "model": "survey.option", 
        "pk": 102
    }, 
    {
        "fields": {
            "label": "topa", 
            "text": "Topa"
        }, 
        "model": "survey.option", 
        "pk": 103
    }, 
    {
        "fields": {
            "label": "kingfish", 
            "text": "Kingfish"
        }, 
        "model": "survey.option", 
        "pk": 104
    }, 
    {
        "fields": {
            "label": "spanish-mackerel", 
            "text": "Spanish Mackerel"
        }, 
        "model": "survey.option", 
        "pk": 105
    }, 
    {
        "fields": {
            "label": "coral-groupercoral-trout", 
            "text": "Coral grouper/Coral trout"
        }, 
        "model": "survey.option", 
        "pk": 106
    }, 
    {
        "fields": {
            "label": "deepwater-snapper", 
            "text": "Deepwater Snapper"
        }, 
        "model": "survey.option", 
        "pk": 107
    }, 
    {
        "fields": {
            "label": "humpheadnapoleon-wrasse", 
            "text": "Humphead/Napoleon Wrasse"
        }, 
        "model": "survey.option", 
        "pk": 108
    }, 
    {
        "fields": {
            "label": "molluscsquidoctopuslobster", 
            "text": "Mollusc/squid/octopus/lobster"
        }, 
        "model": "survey.option", 
        "pk": 109
    }, 
    {
        "fields": {
            "label": "province", 
            "text": "Province"
        }, 
        "model": "survey.option", 
        "pk": 110
    }, 
    {
        "fields": {
            "label": "region", 
            "text": "Region"
        }, 
        "model": "survey.option", 
        "pk": 111
    }, 
    {
        "fields": {
            "label": "villages", 
            "text": "Villages"
        }, 
        "model": "survey.option", 
        "pk": 112
    }, 
    {
        "fields": {
            "label": "volume-kg", 
            "text": "Volume (kg)"
        }, 
        "model": "survey.option", 
        "pk": 113
    }, 
    {
        "fields": {
            "label": "price-wholesale", 
            "text": "Price (wholesale)"
        }, 
        "model": "survey.option", 
        "pk": 114
    }, 
    {
        "fields": {
            "label": "starting-price-lb", 
            "text": "Starting Price (per lb)"
        }, 
        "model": "survey.option", 
        "pk": 115
    }, 
    {
        "fields": {
            "label": "first-markdown-lb", 
            "text": "1st Markdown (per lb)"
        }, 
        "model": "survey.option", 
        "pk": 116
    }, 
    {
        "fields": {
            "label": "second-markdown-price-lb", 
            "text": "Second Markdown Price (per lb)"
        }, 
        "model": "survey.option", 
        "pk": 117
    }, 
    {
        "fields": {
            "label": "starting-price-lb", 
            "text": "Starting Price (per lb)"
        }, 
        "model": "survey.option", 
        "pk": 118
    }, 
    {
        "fields": {
            "label": "first-markdown-lb", 
            "text": "First Markdown (per lb)"
        }, 
        "model": "survey.option", 
        "pk": 119
    }, 
    {
        "fields": {
            "label": "Second-markdown-price-lb", 
            "text": "Second Markdown Price (per lb)"
        }, 
        "model": "survey.option", 
        "pk": 120
    }, 
    {
        "fields": {
            "allow_other": false, 
            "filterBy": false, 
            "filter_questions": [], 
            "grid_cols": [], 
            "hoist_answers": null, 
            "info": "", 
            "integer_max": 365, 
            "integer_min": 0, 
            "label": "survey-name", 
            "lat": null, 
            "lng": null, 
            "min_zoom": 10, 
            "modalQuestion": null, 
            "options": [], 
            "options_from_previous_answer": "", 
            "options_json": "", 
            "order": 0, 
            "randomize_groups": false, 
            "report_type": "distribution", 
            "required": true, 
            "slug": "surveyor-name", 
            "term_condition": "", 
            "title": "Surveyor Name", 
            "type": "text", 
            "visualize": false, 
            "zoom": null
        }, 
        "model": "survey.question", 
        "pk": 89
    }, 
    {
        "fields": {
            "allow_other": false, 
            "filterBy": false, 
            "filter_questions": [], 
            "grid_cols": [], 
            "hoist_answers": null, 
            "info": "", 
            "integer_max": 365, 
            "integer_min": 0, 
            "label": "survey-date", 
            "lat": null, 
            "lng": null, 
            "min_zoom": 10, 
            "modalQuestion": null, 
            "options": [], 
            "options_from_previous_answer": "", 
            "options_json": "", 
            "order": 1, 
            "randomize_groups": false, 
            "report_type": "distribution", 
            "required": true, 
            "slug": "survey-date", 
            "term_condition": "", 
            "title": "Date of Survey", 
            "type": "datepicker", 
            "visualize": false, 
            "zoom": null
        }, 
        "model": "survey.question", 
        "pk": 91
    }, 
    {
        "fields": {
            "allow_other": false, 
            "filterBy": false, 
            "filter_questions": [], 
            "grid_cols": [], 
            "hoist_answers": null, 
            "info": "", 
            "integer_max": 365, 
            "integer_min": 0, 
            "label": "date of first sale", 
            "lat": null, 
            "lng": null, 
            "min_zoom": 10, 
            "modalQuestion": null, 
            "options": [], 
            "options_from_previous_answer": "", 
            "options_json": "", 
            "order": 3, 
            "randomize_groups": false, 
            "report_type": "distribution", 
            "required": true, 
            "slug": "date-first-sale", 
            "term_condition": "", 
            "title": "Date of First Sale", 
            "type": "datepicker", 
            "visualize": false, 
            "zoom": null
        }, 
        "model": "survey.question", 
        "pk": 92
    }, 
    {
        "fields": {
            "allow_other": false, 
            "filterBy": false, 
            "filter_questions": [], 
            "grid_cols": [], 
            "hoist_answers": null, 
            "info": "", 
            "integer_max": 365, 
            "integer_min": 0, 
            "label": "Time of Survey", 
            "lat": null, 
            "lng": null, 
            "min_zoom": 10, 
            "modalQuestion": null, 
            "options": [], 
            "options_from_previous_answer": "", 
            "options_json": "", 
            "order": 4, 
            "randomize_groups": false, 
            "report_type": "distribution", 
            "required": true, 
            "slug": "survey-time", 
            "term_condition": "", 
            "title": "Time of Survey", 
            "type": "timepicker", 
            "visualize": false, 
            "zoom": null
        }, 
        "model": "survey.question", 
        "pk": 93
    }, 
    {
        "fields": {
            "allow_other": false, 
            "filterBy": false, 
            "filter_questions": [], 
            "grid_cols": [], 
            "hoist_answers": null, 
            "info": "", 
            "integer_max": 365, 
            "integer_min": 0, 
            "label": "Eskie Owner", 
            "lat": null, 
            "lng": null, 
            "min_zoom": 10, 
            "modalQuestion": null, 
            "options": [
                92, 
                93
            ], 
            "options_from_previous_answer": "", 
            "options_json": "", 
            "order": 5, 
            "randomize_groups": false, 
            "report_type": "distribution", 
            "required": true, 
            "slug": "eskie-owner", 
            "term_condition": "", 
            "title": "Vendor owns the Eskie?", 
            "type": "single-select", 
            "visualize": false, 
            "zoom": null
        }, 
        "model": "survey.question", 
        "pk": 94
    }, 
    {
        "fields": {
            "allow_other": false, 
            "filterBy": false, 
            "filter_questions": [], 
            "grid_cols": [], 
            "hoist_answers": null, 
            "info": "", 
            "integer_max": 365, 
            "integer_min": 0, 
            "label": "Total Volume (kilograms)", 
            "lat": null, 
            "lng": null, 
            "min_zoom": 10, 
            "modalQuestion": null, 
            "options": [], 
            "options_from_previous_answer": "", 
            "options_json": "", 
            "order": 6, 
            "randomize_groups": false, 
            "report_type": "distribution", 
            "required": true, 
            "slug": "total-volume", 
            "term_condition": "", 
            "title": "Total Volume For All Resources (kilograms)", 
            "type": "integer", 
            "visualize": false, 
            "zoom": null
        }, 
        "model": "survey.question", 
        "pk": 97
    }, 
    {
        "fields": {
            "allow_other": false, 
            "filterBy": false, 
            "filter_questions": [], 
            "grid_cols": [], 
            "hoist_answers": null, 
            "info": "", 
            "integer_max": 365, 
            "integer_min": 0, 
            "label": "Vendor Code", 
            "lat": null, 
            "lng": null, 
            "min_zoom": 10, 
            "modalQuestion": null, 
            "options": [], 
            "options_from_previous_answer": "", 
            "options_json": "", 
            "order": 7, 
            "randomize_groups": false, 
            "report_type": "distribution", 
            "required": true, 
            "slug": "vendor-code", 
            "term_condition": "", 
            "title": "Vendor Code", 
            "type": "text", 
            "visualize": false, 
            "zoom": null
        }, 
        "model": "survey.question", 
        "pk": 98
    }, 
    {
        "fields": {
            "allow_other": true, 
            "filterBy": false, 
            "filter_questions": [], 
            "grid_cols": [], 
            "hoist_answers": null, 
            "info": "", 
            "integer_max": 365, 
            "integer_min": 0, 
            "label": "Eskie Size/wt", 
            "lat": null, 
            "lng": null, 
            "min_zoom": 10, 
            "modalQuestion": null, 
            "options": [
                94, 
                95, 
                96, 
                97, 
                98
            ], 
            "options_from_previous_answer": "", 
            "options_json": "", 
            "order": 8, 
            "randomize_groups": false, 
            "report_type": "distribution", 
            "required": true, 
            "slug": "eskie-size", 
            "term_condition": "", 
            "title": "Eskie size/wt", 
            "type": "single-select", 
            "visualize": false, 
            "zoom": null
        }, 
        "model": "survey.question", 
        "pk": 99
    }, 
    {
        "fields": {
            "allow_other": true, 
            "filterBy": false, 
            "filter_questions": [], 
            "grid_cols": [], 
            "hoist_answers": null, 
            "info": "", 
            "integer_max": 365, 
            "integer_min": 0, 
            "label": "Gear Type", 
            "lat": null, 
            "lng": null, 
            "min_zoom": 10, 
            "modalQuestion": null, 
            "options": [
                99, 
                100, 
                101
            ], 
            "options_from_previous_answer": "", 
            "options_json": "", 
            "order": 9, 
            "randomize_groups": false, 
            "report_type": "distribution", 
            "required": true, 
            "slug": "gear-type", 
            "term_condition": "", 
            "title": "Gear Type", 
            "type": "multi-select", 
            "visualize": false, 
            "zoom": null
        }, 
        "model": "survey.question", 
        "pk": 100
    }, 
    {
        "fields": {
            "allow_other": false, 
            "filterBy": false, 
            "filter_questions": [], 
            "grid_cols": [], 
            "hoist_answers": null, 
            "info": "", 
            "integer_max": 365, 
            "integer_min": 0, 
            "label": "Ice Volume (kilograms)", 
            "lat": null, 
            "lng": null, 
            "min_zoom": 10, 
            "modalQuestion": null, 
            "options": [], 
            "options_from_previous_answer": "", 
            "options_json": "", 
            "order": 10, 
            "randomize_groups": false, 
            "report_type": "distribution", 
            "required": false, 
            "slug": "ice-volume", 
            "term_condition": "", 
            "title": "Amount of Ice (kilograms)", 
            "type": "integer", 
            "visualize": false, 
            "zoom": null
        }, 
        "model": "survey.question", 
        "pk": 101
    }, 
    {
        "fields": {
            "allow_other": false, 
            "filterBy": false, 
            "filter_questions": [], 
            "grid_cols": [], 
            "hoist_answers": null, 
            "info": "", 
            "integer_max": 365, 
            "integer_min": 0, 
            "label": "Ice Origin", 
            "lat": null, 
            "lng": null, 
            "min_zoom": 10, 
            "modalQuestion": null, 
            "options": [], 
            "options_from_previous_answer": "", 
            "options_json": "", 
            "order": 11, 
            "randomize_groups": false, 
            "report_type": "distribution", 
            "required": false, 
            "slug": "ice-origin", 
            "term_condition": "", 
            "title": "Ice Origin", 
            "type": "textarea", 
            "visualize": false, 
            "zoom": null
        }, 
        "model": "survey.question", 
        "pk": 102
    }, 
    {
        "fields": {
            "allow_other": false, 
            "filterBy": false, 
            "filter_questions": [], 
            "grid_cols": [], 
            "hoist_answers": null, 
            "info": "", 
            "integer_max": 365, 
            "integer_min": 0, 
            "label": "Ice Cost", 
            "lat": null, 
            "lng": null, 
            "min_zoom": 10, 
            "modalQuestion": null, 
            "options": [], 
            "options_from_previous_answer": "", 
            "options_json": "", 
            "order": 12, 
            "randomize_groups": false, 
            "report_type": "distribution", 
            "required": true, 
            "slug": "ice-cost", 
            "term_condition": "", 
            "title": "Ice Purchase Cost", 
            "type": "currency", 
            "visualize": false, 
            "zoom": null
        }, 
        "model": "survey.question", 
        "pk": 103
    }, 
    {
        "fields": {
            "allow_other": false, 
            "filterBy": false, 
            "filter_questions": [], 
            "grid_cols": [], 
            "hoist_answers": null, 
            "info": "", 
            "integer_max": 365, 
            "integer_min": 0, 
            "label": "Transport Cost: Boat/canoe", 
            "lat": null, 
            "lng": null, 
            "min_zoom": 10, 
            "modalQuestion": null, 
            "options": [], 
            "options_from_previous_answer": "", 
            "options_json": "", 
            "order": 14, 
            "randomize_groups": false, 
            "report_type": "distribution", 
            "required": false, 
            "slug": "transport-cost-boat", 
            "term_condition": "", 
            "title": "Transport Cost: Boat/canoe", 
            "type": "currency", 
            "visualize": false, 
            "zoom": null
        }, 
        "model": "survey.question", 
        "pk": 105
    }, 
    {
        "fields": {
            "allow_other": false, 
            "filterBy": false, 
            "filter_questions": [], 
            "grid_cols": [], 
            "hoist_answers": null, 
            "info": "", 
            "integer_max": 365, 
            "integer_min": 0, 
            "label": "Transport Cost: Ship", 
            "lat": null, 
            "lng": null, 
            "min_zoom": 10, 
            "modalQuestion": null, 
            "options": [], 
            "options_from_previous_answer": "", 
            "options_json": "", 
            "order": 15, 
            "randomize_groups": false, 
            "report_type": "distribution", 
            "required": false, 
            "slug": "transport-cost-ship", 
            "term_condition": "", 
            "title": "Transport Cost: Ship", 
            "type": "currency", 
            "visualize": false, 
            "zoom": null
        }, 
        "model": "survey.question", 
        "pk": 106
    }, 
    {
        "fields": {
            "allow_other": false, 
            "filterBy": false, 
            "filter_questions": [], 
            "grid_cols": [], 
            "hoist_answers": null, 
            "info": "", 
            "integer_max": 365, 
            "integer_min": 0, 
            "label": "Storage Cost", 
            "lat": null, 
            "lng": null, 
            "min_zoom": 10, 
            "modalQuestion": null, 
            "options": [], 
            "options_from_previous_answer": "", 
            "options_json": "", 
            "order": 16, 
            "randomize_groups": false, 
            "report_type": "distribution", 
            "required": false, 
            "slug": "storage-cost", 
            "term_condition": "", 
            "title": "Total Storage Cost", 
            "type": "currency", 
            "visualize": false, 
            "zoom": null
        }, 
        "model": "survey.question", 
        "pk": 107
    }, 
    {
        "fields": {
            "allow_other": false, 
            "filterBy": false, 
            "filter_questions": [], 
            "grid_cols": [], 
            "hoist_answers": null, 
            "info": "", 
            "integer_max": 365, 
            "integer_min": 0, 
            "label": "Days of Storage", 
            "lat": null, 
            "lng": null, 
            "min_zoom": 10, 
            "modalQuestion": null, 
            "options": [], 
            "options_from_previous_answer": "", 
            "options_json": "", 
            "order": 17, 
            "randomize_groups": false, 
            "report_type": "distribution", 
            "required": false, 
            "slug": "storage-days", 
            "term_condition": "", 
            "title": "Days of Storage", 
            "type": "integer", 
            "visualize": false, 
            "zoom": null
        }, 
        "model": "survey.question", 
        "pk": 108
    }, 
    {
        "fields": {
            "allow_other": false, 
            "filterBy": false, 
            "filter_questions": [], 
            "grid_cols": [], 
            "hoist_answers": null, 
            "info": "", 
            "integer_max": 365, 
            "integer_min": 0, 
            "label": "Days of Storage", 
            "lat": null, 
            "lng": null, 
            "min_zoom": 10, 
            "modalQuestion": null, 
            "options": [], 
            "options_from_previous_answer": "", 
            "options_json": "", 
            "order": 18, 
            "randomize_groups": false, 
            "report_type": "distribution", 
            "required": true, 
            "slug": "days-storage", 
            "term_condition": "", 
            "title": "Days of Storage", 
            "type": "integer", 
            "visualize": false, 
            "zoom": null
        }, 
        "model": "survey.question", 
        "pk": 109
    }, 
    {
        "fields": {
            "allow_other": false, 
            "filterBy": false, 
            "filter_questions": [], 
            "grid_cols": [], 
            "hoist_answers": null, 
            "info": "", 
            "integer_max": 365, 
            "integer_min": 0, 
            "label": "Resource Types(s)", 
            "lat": null, 
            "lng": null, 
            "min_zoom": 10, 
            "modalQuestion": null, 
            "options": [
                105, 
                102, 
                103, 
                104, 
                106, 
                107, 
                108, 
                109
            ], 
            "options_from_previous_answer": "", 
            "options_json": "", 
            "order": 19, 
            "randomize_groups": false, 
            "report_type": "distribution", 
            "required": true, 
            "slug": "resource-type", 
            "term_condition": "", 
            "title": "Resource Type(s)", 
            "type": "multi-select", 
            "visualize": false, 
            "zoom": null
        }, 
        "model": "survey.question", 
        "pk": 110
    }, 
    {
        "fields": {
            "allow_other": false, 
            "filterBy": false, 
            "filter_questions": [], 
            "grid_cols": [
                113, 
                114
            ], 
            "hoist_answers": null, 
            "info": "", 
            "integer_max": 365, 
            "integer_min": 0, 
            "label": "Resource Details", 
            "lat": null, 
            "lng": null, 
            "min_zoom": 10, 
            "modalQuestion": null, 
            "options": [], 
            "options_from_previous_answer": "resource-type", 
            "options_json": "", 
            "order": 20, 
            "randomize_groups": false, 
            "report_type": "distribution", 
            "required": true, 
            "slug": "resource-details", 
            "term_condition": "", 
            "title": "Resource Details", 
            "type": "grid", 
            "visualize": false, 
            "zoom": null
        }, 
        "model": "survey.question", 
        "pk": 111
    }, 
    {
        "fields": {
            "allow_other": false, 
            "filterBy": false, 
            "filter_questions": [], 
            "grid_cols": [
                118, 
                119, 
                120
            ], 
            "hoist_answers": null, 
            "info": "", 
            "integer_max": 365, 
            "integer_min": 0, 
            "label": "Resource Type", 
            "lat": null, 
            "lng": null, 
            "min_zoom": 10, 
            "modalQuestion": null, 
            "options": [], 
            "options_from_previous_answer": "resource-type", 
            "options_json": "", 
            "order": 21, 
            "randomize_groups": false, 
            "report_type": "distribution", 
            "required": true, 
            "slug": "retail-price", 
            "term_condition": "", 
            "title": "Retail Price (by resource type)", 
            "type": "grid", 
            "visualize": false, 
            "zoom": null
        }, 
        "model": "survey.question", 
        "pk": 112
    }
]
