[{"pk": 1, "model": "survey.page", "fields": {"survey": 3, "question": 9}}, {"pk": 2, "model": "survey.page", "fields": {"survey": 3, "question": 10}}, {"pk": 3, "model": "survey.page", "fields": {"survey": 3, "question": 11}}, {"pk": 4, "model": "survey.page", "fields": {"survey": 3, "question": 12}}, {"pk": 5, "model": "survey.page", "fields": {"survey": 3, "question": 13}}, {"pk": 6, "model": "survey.page", "fields": {"survey": 3, "question": 14}}, {"pk": 7, "model": "survey.page", "fields": {"survey": 3, "question": 15}}, {"pk": 8, "model": "survey.page", "fields": {"survey": 3, "question": 18}}, {"pk": 9, "model": "survey.page", "fields": {"survey": 3, "question": 19}}, {"pk": 15, "model": "survey.page", "fields": {"survey": 3, "question": 20}}, {"pk": 16, "model": "survey.page", "fields": {"survey": 3, "question": 21}}, {"pk": 17, "model": "survey.page", "fields": {"survey": 3, "question": 22}}, {"pk": 18, "model": "survey.page", "fields": {"survey": 3, "question": 23}}, {"pk": 19, "model": "survey.page", "fields": {"survey": 3, "question": 24}}, {"pk": 20, "model": "survey.page", "fields": {"survey": 3, "question": 25}}, {"pk": 21, "model": "survey.page", "fields": {"survey": 3, "question": 26}}, {"pk": 22, "model": "survey.page", "fields": {"survey": 3, "question": 27}}, {"pk": 23, "model": "survey.page", "fields": {"survey": 3, "question": 28}}, {"pk": 24, "model": "survey.page", "fields": {"survey": 3, "question": 29}}, {"pk": 25, "model": "survey.page", "fields": {"survey": 3, "question": 30}}, {"pk": 31, "model": "survey.page", "fields": {"survey": 4, "question": 42}}, {"pk": 42, "model": "survey.page", "fields": {"survey": 4, "question": 56}}, {"pk": 43, "model": "survey.page", "fields": {"survey": 1, "question": 57}}, {"pk": 44, "model": "survey.page", "fields": {"survey": 1, "question": 2}}, {"pk": 45, "model": "survey.page", "fields": {"survey": 1, "question": 6}}, {"pk": 46, "model": "survey.page", "fields": {"survey": 1, "question": 58}}, {"pk": 47, "model": "survey.page", "fields": {"survey": 1, "question": 59}}, {"pk": 48, "model": "survey.page", "fields": {"survey": 4, "question": 60}}, {"pk": 49, "model": "survey.page", "fields": {"survey": 1, "question": 61}}, {"pk": 50, "model": "survey.page", "fields": {"survey": 4, "question": 50}}, {"pk": 51, "model": "survey.page", "fields": {"survey": 4, "question": 51}}, {"pk": 52, "model": "survey.page", "fields": {"survey": 2, "question": 62}}, {"pk": 53, "model": "survey.page", "fields": {"survey": 2, "question": 63}}, {"pk": 54, "model": "survey.page", "fields": {"survey": 2, "question": 64}}, {"pk": 55, "model": "survey.page", "fields": {"survey": 2, "question": 65}}, {"pk": 56, "model": "survey.page", "fields": {"survey": 2, "question": 66}}, {"pk": 57, "model": "survey.page", "fields": {"survey": 2, "question": 67}}, {"pk": 58, "model": "survey.page", "fields": {"survey": 2, "question": 69}}, {"pk": 59, "model": "survey.page", "fields": {"survey": 4, "question": 70}}, {"pk": 60, "model": "survey.page", "fields": {"survey": 4, "question": 73}}, {"pk": 61, "model": "survey.page", "fields": {"survey": 2, "question": 74}}, {"pk": 62, "model": "survey.page", "fields": {"survey": 2, "question": 75}}, {"pk": 63, "model": "survey.page", "fields": {"survey": 2, "question": 76}}, {"pk": 64, "model": "survey.page", "fields": {"survey": 2, "question": 77}}, {"pk": 65, "model": "survey.page", "fields": {"survey": 2, "question": 78}}, {"pk": 66, "model": "survey.page", "fields": {"survey": 2, "question": 79}}, {"pk": 67, "model": "survey.page", "fields": {"survey": 2, "question": 80}}, {"pk": 68, "model": "survey.page", "fields": {"survey": 2, "question": 81}}, {"pk": 69, "model": "survey.page", "fields": {"survey": 2, "question": 82}}, {"pk": 70, "model": "survey.page", "fields": {"survey": 2, "question": 83}}, {"pk": 71, "model": "survey.page", "fields": {"survey": 2, "question": 84}}, {"pk": 72, "model": "survey.page", "fields": {"survey": 2, "question": 85}}, {"pk": 73, "model": "survey.page", "fields": {"survey": 2, "question": 86}}, {"pk": 74, "model": "survey.page", "fields": {"survey": 2, "question": 87}}, {"pk": 75, "model": "survey.page", "fields": {"survey": 2, "question": 72}}, {"pk": 76, "model": "survey.page", "fields": {"survey": 3, "question": 71}}, {"pk": 77, "model": "survey.page", "fields": {"survey": 2, "question": 88}}, {"pk": 78, "model": "survey.page", "fields": {"survey": 5, "question": 89}}, {"pk": 1, "model": "survey.survey", "fields": {"states": null, "offline": false, "anon": true, "name": "Test Survey", "slug": "test-survey"}}, {"pk": 2, "model": "survey.survey", "fields": {"states": "MD,DE,NJ,NY,VA,DC", "offline": false, "anon": false, "name": "marco", "slug": "marco"}}, {"pk": 3, "model": "survey.survey", "fields": {"states": "WA", "offline": false, "anon": true, "name": "Washington Opt In", "slug": "washington-opt-in"}}, {"pk": 4, "model": "survey.survey", "fields": {"states": "WA", "offline": false, "anon": true, "name": "Washington Panel", "slug": "washington-panel"}}, {"pk": 5, "model": "survey.survey", "fields": {"states": "", "offline": true, "anon": true, "name": "Volume and Origin", "slug": "volume-and-origin"}}, {"pk": 4, "model": "survey.option", "fields": {"text": "New York", "label": "NY"}}, {"pk": 5, "model": "survey.option", "fields": {"text": "New Jersey", "label": "NJ"}}, {"pk": 6, "model": "survey.option", "fields": {"text": "Delaware", "label": "DE"}}, {"pk": 7, "model": "survey.option", "fields": {"text": "Maryland", "label": "MD"}}, {"pk": 8, "model": "survey.option", "fields": {"text": "Virgina", "label": "VA"}}, {"pk": 9, "model": "survey.option", "fields": {"text": "District of Columbia", "label": "DC"}}, {"pk": 10, "model": "survey.option", "fields": {"text": "Washington", "label": "washington"}}, {"pk": 11, "model": "survey.option", "fields": {"text": "Oregon", "label": "oregon"}}, {"pk": 12, "model": "survey.option", "fields": {"text": "British Columbia", "label": "british-columbia"}}, {"pk": 13, "model": "survey.option", "fields": {"text": "0 nights", "label": "0"}}, {"pk": 14, "model": "survey.option", "fields": {"text": "1 night", "label": "1"}}, {"pk": 15, "model": "survey.option", "fields": {"text": "2 nights", "label": "2"}}, {"pk": 16, "model": "survey.option", "fields": {"text": "3 nights", "label": "3"}}, {"pk": 17, "model": "survey.option", "fields": {"text": "4 nights", "label": "4"}}, {"pk": 18, "model": "survey.option", "fields": {"text": "5+ nights", "label": "5"}}, {"pk": 19, "model": "survey.option", "fields": {"text": "Parking", "label": "parking"}}, {"pk": 20, "model": "survey.option", "fields": {"text": "Car Fuel", "label": "car-fuel"}}, {"pk": 21, "model": "survey.option", "fields": {"text": "Airline Flight", "label": "airline-flight"}}, {"pk": 22, "model": "survey.option", "fields": {"text": "Food and beverages from a store", "label": "food-and-beverages-store"}}, {"pk": 23, "model": "survey.option", "fields": {"text": "Food and beverages at a restaurant or bar", "label": "food-and-beverages-restaurant-or-bar"}}, {"pk": 24, "model": "survey.option", "fields": {"text": "Souvenirs (t-shirts, posters, gifts, etc.)", "label": "souvenirs-t-shirts-posters-gifts-etc"}}, {"pk": 25, "model": "survey.option", "fields": {"text": "Sundries (sunscreen, surf wax, motion sickness pills, batteries, film and processing etc.)", "label": "sundries-sunscreen-surf-wax-motion-sickness-pills-batteries-film"}}, {"pk": 26, "model": "survey.option", "fields": {"text": "Car rental", "label": "car-rental"}}, {"pk": 27, "model": "survey.option", "fields": {"text": "Dive equiment rental and airfills", "label": "dive-equiment-rental-and-airfills"}}, {"pk": 28, "model": "survey.option", "fields": {"text": "Equipment rental (Surfboard, bike, kayak, stand up paddle,etc)", "label": "equipment-rental-surfboard-bike-kayak-stand-paddleetc"}}, {"pk": 29, "model": "survey.option", "fields": {"text": "Lodging (if you stayed overnight)", "label": "lodging-if-you-stayed-overnight"}}, {"pk": 30, "model": "survey.option", "fields": {"text": "Charter fee (whale watching, etc.)", "label": "charter-fee-whale-watching-etc"}}, {"pk": 31, "model": "survey.option", "fields": {"text": "Museum, aquarium, or other entrance fee", "label": "museum-aquarium-or-other-entrance-fee"}}, {"pk": 32, "model": "survey.option", "fields": {"text": "Lessons, clinics, camps", "label": "lessons-clinics-camps"}}, {"pk": 36, "model": "survey.option", "fields": {"text": "Male", "label": "male"}}, {"pk": 37, "model": "survey.option", "fields": {"text": "Female", "label": "female"}}, {"pk": 38, "model": "survey.option", "fields": {"text": "White", "label": "white"}}, {"pk": 39, "model": "survey.option", "fields": {"text": "Black or African American", "label": "black-or-african-american"}}, {"pk": 40, "model": "survey.option", "fields": {"text": "Hispanic, Spanish or Latino", "label": "hispanic-spanish-or-latino"}}, {"pk": 41, "model": "survey.option", "fields": {"text": "American Indian or Alaska Native", "label": "american-indian-or-alaska-native"}}, {"pk": 42, "model": "survey.option", "fields": {"text": "Asian/Pacific Islander", "label": "asianpacific-islander"}}, {"pk": 43, "model": "survey.option", "fields": {"text": "Other", "label": "other"}}, {"pk": 44, "model": "survey.option", "fields": {"text": "No formal education", "label": "no-formal-education"}}, {"pk": 45, "model": "survey.option", "fields": {"text": "Less than high school", "label": "less-high-school"}}, {"pk": 46, "model": "survey.option", "fields": {"text": "High School", "label": "high-school"}}, {"pk": 47, "model": "survey.option", "fields": {"text": "Some college", "label": "some-college"}}, {"pk": 48, "model": "survey.option", "fields": {"text": "Bachelor's degree", "label": "bachelors-degree-or-higher"}}, {"pk": 49, "model": "survey.option", "fields": {"text": "Strongly Agree", "label": "strongly-agree"}}, {"pk": 50, "model": "survey.option", "fields": {"text": "Somewhat Agree", "label": "somewhat-agree"}}, {"pk": 51, "model": "survey.option", "fields": {"text": "Neither Agree nor Disagree", "label": "neither-agree-nor-disagree"}}, {"pk": 52, "model": "survey.option", "fields": {"text": "Somewhat Disagree", "label": "somewhat-disagree"}}, {"pk": 53, "model": "survey.option", "fields": {"text": "Strongly Disagree", "label": "strongly-disagree"}}, {"pk": 54, "model": "survey.option", "fields": {"text": "Yes", "label": "yes"}}, {"pk": 55, "model": "survey.option", "fields": {"text": "No", "label": "no"}}, {"pk": 56, "model": "survey.option", "fields": {"text": "Just the last year", "label": "just-last-year"}}, {"pk": 57, "model": "survey.option", "fields": {"text": "One to three years", "label": "one-three-years"}}, {"pk": 58, "model": "survey.option", "fields": {"text": "About four to ten years", "label": "about-four-ten-years"}}, {"pk": 59, "model": "survey.option", "fields": {"text": "More than ten years", "label": "more-ten-years"}}, {"pk": 60, "model": "survey.option", "fields": {"text": "All my life", "label": "all-my-life"}}, {"pk": 61, "model": "survey.option", "fields": {"text": "Bus", "label": "bus"}}, {"pk": 62, "model": "survey.option", "fields": {"text": "Bike", "label": "bike"}}, {"pk": 63, "model": "survey.option", "fields": {"text": "Fly", "label": "fly"}}, {"pk": 64, "model": "survey.option", "fields": {"text": "Walking", "label": "walking"}}, {"pk": 65, "model": "survey.option", "fields": {"text": "Drove a personal car", "label": "drove-personal-car"}}, {"pk": 66, "model": "survey.option", "fields": {"text": "Drove a rented car", "label": "drove-rented-car"}}, {"pk": 67, "model": "survey.option", "fields": {"text": "Rode with someone else -- carpooled", "label": "rode-someone-else-carpooled"}}, {"pk": 68, "model": "survey.option", "fields": {"text": "First Option", "label": "first-option"}}, {"pk": 69, "model": "survey.option", "fields": {"text": "Second Option", "label": "second-option"}}, {"pk": 70, "model": "survey.option", "fields": {"text": "Third Option", "label": "third-option"}}, {"pk": 76, "model": "survey.option", "fields": {"text": "Below $30,000", "label": "income-1-below-30000"}}, {"pk": 77, "model": "survey.option", "fields": {"text": "$30,000 to $54,999", "label": "income-2-30000-54999"}}, {"pk": 78, "model": "survey.option", "fields": {"text": "$55,000 to $94,999", "label": "income-3-55000-94999"}}, {"pk": 79, "model": "survey.option", "fields": {"text": "$95,000 and over", "label": "income-4-95000-and-over"}}, {"pk": 80, "model": "survey.option", "fields": {"text": "Don't know", "label": "income-5-dont-know"}}, {"pk": 81, "model": "survey.option", "fields": {"text": "0-60 miles", "label": "0-60-miles"}}, {"pk": 82, "model": "survey.option", "fields": {"text": "61-120 miles", "label": "61-120-miles"}}, {"pk": 83, "model": "survey.option", "fields": {"text": "121-180 miles", "label": "121-180-miles"}}, {"pk": 84, "model": "survey.option", "fields": {"text": "180+ miles", "label": "180-miles"}}, {"pk": 85, "model": "survey.option", "fields": {"text": " I do not live on the coast", "label": "i-do-not-live-coast"}}, {"pk": 86, "model": "survey.option", "fields": {"text": "Not at all", "label": "not-all"}}, {"pk": 87, "model": "survey.option", "fields": {"text": "A little", "label": "little"}}, {"pk": 88, "model": "survey.option", "fields": {"text": "Not sure", "label": "not-sure"}}, {"pk": 89, "model": "survey.option", "fields": {"text": "A lot", "label": "lot"}}, {"pk": 90, "model": "survey.option", "fields": {"text": "Main reason I live on the coast", "label": "main-reason-i-live-coast"}}, {"pk": 91, "model": "survey.option", "fields": {"text": "Graduate or professional degree", "label": "graduate-or-professional-degree"}}, {"pk": 1, "model": "survey.question", "fields": {"term_condition": null, "filterBy": false, "min_zoom": null, "report_type": null, "lng": null, "visualize": false, "options_from_previous_answer": null, "title": "What is your name?", "allow_other": false, "label": "Name", "type": "text", "randomize_groups": false, "modalQuestion": null, "integer_min": 0, "options_json": null, "lat": null, "slug": "name", "info": null, "integer_max": 365, "required": true, "zoom": null, "options": [], "filter_questions": [], "hoist_answers": null, "order": 0}}, {"pk": 2, "model": "survey.question", "fields": {"term_condition": null, "filterBy": false, "min_zoom": 10, "report_type": null, "lng": null, "visualize": false, "options_from_previous_answer": null, "title": "How old are you??", "allow_other": false, "label": "Age", "type": "text", "randomize_groups": false, "modalQuestion": null, "integer_min": 0, "options_json": null, "lat": null, "slug": "age", "info": null, "integer_max": 365, "required": true, "zoom": null, "options": [], "filter_questions": [], "hoist_answers": null, "order": 0}}, {"pk": 3, "model": "survey.question", "fields": {"term_condition": null, "filterBy": false, "min_zoom": null, "report_type": null, "lng": null, "visualize": false, "options_from_previous_answer": null, "title": "Please enter your age:", "allow_other": false, "label": "Enter your age", "type": "integer", "randomize_groups": false, "modalQuestion": null, "integer_min": 0, "options_json": null, "lat": null, "slug": "marco-age", "info": null, "integer_max": 365, "required": true, "zoom": null, "options": [], "filter_questions": [], "hoist_answers": null, "order": 0}}, {"pk": 4, "model": "survey.question", "fields": {"term_condition": null, "filterBy": false, "min_zoom": null, "report_type": null, "lng": null, "visualize": false, "options_from_previous_answer": null, "title": "What state do you live in?", "allow_other": false, "label": "Pick a state", "type": "auto-single-select", "randomize_groups": false, "modalQuestion": null, "integer_min": 0, "options_json": "", "lat": null, "slug": "state", "info": "", "integer_max": 365, "required": true, "zoom": null, "options": [4, 5, 6, 7, 8], "filter_questions": [], "hoist_answers": null, "order": 0}}, {"pk": 5, "model": "survey.question", "fields": {"term_condition": null, "filterBy": false, "min_zoom": null, "report_type": null, "lng": null, "visualize": false, "options_from_previous_answer": null, "title": "What county do you live in?", "allow_other": false, "label": "Pick a county", "type": "auto-single-select", "randomize_groups": false, "modalQuestion": null, "integer_min": 0, "options_json": null, "lat": null, "slug": "county", "info": null, "integer_max": 365, "required": true, "zoom": null, "options": [], "filter_questions": [], "hoist_answers": null, "order": 0}}, {"pk": 6, "model": "survey.question", "fields": {"term_condition": null, "filterBy": false, "min_zoom": null, "report_type": null, "lng": null, "visualize": false, "options_from_previous_answer": "", "title": "Move and zoom the map to precisely focus the crosshair at each of your activity locations.", "allow_other": false, "label": "Activity Locations", "type": "map-multipoint", "randomize_groups": false, "modalQuestion": 8, "integer_min": 0, "options_json": "/static/survey/surveys/activities.json", "lat": null, "slug": "activity-locations", "info": "", "integer_max": 365, "required": true, "zoom": null, "options": [], "filter_questions": [], "hoist_answers": null, "order": 2}}, {"pk": 7, "model": "survey.question", "fields": {"term_condition": null, "filterBy": false, "min_zoom": null, "report_type": null, "lng": null, "visualize": false, "options_from_previous_answer": null, "title": "Activities", "allow_other": false, "label": "Activities Info Page", "type": "info", "randomize_groups": false, "modalQuestion": null, "integer_min": 0, "options_json": "", "lat": null, "slug": "info-activities", "info": "true", "integer_max": 365, "required": true, "zoom": null, "options": [], "filter_questions": [], "hoist_answers": null, "order": 0}}, {"pk": 8, "model": "survey.question", "fields": {"term_condition": null, "filterBy": false, "min_zoom": null, "report_type": null, "lng": null, "visualize": false, "options_from_previous_answer": null, "title": "Which activities did you conduct at this location?", "allow_other": false, "label": "Location Activities", "type": "multi-select", "randomize_groups": false, "modalQuestion": null, "integer_min": 0, "options_json": "/static/survey/surveys/activities.json", "lat": null, "slug": "location-activities", "info": "", "integer_max": 365, "required": true, "zoom": null, "options": [], "filter_questions": [], "hoist_answers": null, "order": 0}}, {"pk": 9, "model": "survey.question", "fields": {"term_condition": "<18", "filterBy": false, "min_zoom": null, "report_type": null, "lng": null, "visualize": false, "options_from_previous_answer": "", "title": "Please enter your age", "allow_other": false, "label": "age", "type": "integer", "randomize_groups": false, "modalQuestion": null, "integer_min": 0, "options_json": "", "lat": null, "slug": "age", "info": "", "integer_max": 365, "required": true, "zoom": null, "options": [], "filter_questions": [], "hoist_answers": null, "order": 0}}, {"pk": 10, "model": "survey.question", "fields": {"term_condition": null, "filterBy": false, "min_zoom": null, "report_type": null, "lng": null, "visualize": false, "options_from_previous_answer": "", "title": "What state/province do you live in?", "allow_other": false, "label": "State or Province", "type": "auto-single-select", "randomize_groups": false, "modalQuestion": null, "integer_min": 0, "options_json": "/static/survey/surveys/states-for-wa-opt-in.json", "lat": null, "slug": "state-or-province", "info": "", "integer_max": 365, "required": true, "zoom": null, "options": [], "filter_questions": [], "hoist_answers": null, "order": 1}}, {"pk": 11, "model": "survey.question", "fields": {"term_condition": "", "filterBy": true, "min_zoom": null, "report_type": "distribution", "lng": null, "visualize": true, "options_from_previous_answer": "state-or-province", "title": "You indicated you live in {{ getAnswer('state-or-province').text }}. What county/municipality do you live in?", "allow_other": false, "label": "County / Municipality", "type": "auto-single-select", "randomize_groups": false, "modalQuestion": null, "integer_min": 0, "options_json": "", "lat": null, "slug": "county", "info": "", "integer_max": 365, "required": true, "zoom": null, "options": [], "filter_questions": [], "hoist_answers": null, "order": 2}}, {"pk": 12, "model": "survey.question", "fields": {"term_condition": null, "filterBy": false, "min_zoom": null, "report_type": null, "lng": null, "visualize": false, "options_from_previous_answer": "", "title": " ", "allow_other": false, "label": "recreate-info", "type": "info", "randomize_groups": false, "modalQuestion": null, "integer_min": 0, "options_json": "", "lat": null, "slug": "recreate-info", "info": "recreate-info", "integer_max": 365, "required": true, "zoom": null, "options": [], "filter_questions": [], "hoist_answers": null, "order": 3}}, {"pk": 13, "model": "survey.question", "fields": {"term_condition": null, "filterBy": false, "min_zoom": null, "report_type": null, "lng": null, "visualize": false, "options_from_previous_answer": "", "title": "Which of the following recreation activities have you participated in during the last 12 months in the  Pacific coast of Washington?  ", "allow_other": false, "label": "activities", "type": "multi-select", "randomize_groups": true, "modalQuestion": null, "integer_min": 0, "options_json": "/static/survey/surveys/activities_wa.json", "lat": null, "slug": "activities", "info": "activities", "integer_max": 365, "required": true, "zoom": null, "options": [], "filter_questions": [], "hoist_answers": null, "order": 4}}, {"pk": 14, "model": "survey.question", "fields": {"term_condition": null, "filterBy": false, "min_zoom": null, "report_type": null, "lng": null, "visualize": false, "options_from_previous_answer": "", "title": "Please estimate how many trips you have made to the Pacific coast of Washington in the last 12 months primarily for recreation purposes (e.g., beach going, wildlife viewing, surfing, kayaking, etc.). A trip is defined as an intentional trip outside of daily routine. ", "allow_other": false, "label": "Number of Trips", "type": "integer", "randomize_groups": false, "modalQuestion": null, "integer_min": 0, "options_json": "", "lat": null, "slug": "number-of-trips", "info": "number-trips", "integer_max": 365, "required": true, "zoom": null, "options": [], "filter_questions": [], "hoist_answers": null, "order": 5}}, {"pk": 15, "model": "survey.question", "fields": {"term_condition": null, "filterBy": false, "min_zoom": 11, "report_type": null, "lng": "-123.5000000", "visualize": false, "options_from_previous_answer": "", "title": "Navigate the map or use the search function to zoom to the areas which you conducted ocean and coastal recreation activities in last 12 months.", "allow_other": false, "label": "Location of Activities", "type": "map-multipoint", "randomize_groups": false, "modalQuestion": 16, "integer_min": 0, "options_json": "", "lat": "47.2500000", "slug": "activity-locations", "info": "location-activities", "integer_max": 365, "required": true, "zoom": 7, "options": [], "filter_questions": [], "hoist_answers": null, "order": 8}}, {"pk": 16, "model": "survey.question", "fields": {"term_condition": null, "filterBy": false, "min_zoom": null, "report_type": null, "lng": null, "visualize": false, "options_from_previous_answer": "", "title": "Which of the following recreational activities did you participate in at this location?", "allow_other": false, "label": "Location of Activities", "type": "multi-select", "randomize_groups": true, "modalQuestion": null, "integer_min": 0, "options_json": "/static/survey/surveys/activities_wa.json", "lat": null, "slug": "activity-locations", "info": "location-activities", "integer_max": 365, "required": true, "zoom": null, "options": [], "filter_questions": [], "hoist_answers": 13, "order": 0}}, {"pk": 17, "model": "survey.question", "fields": {"term_condition": null, "filterBy": false, "min_zoom": null, "report_type": null, "lng": null, "visualize": false, "options_from_previous_answer": "activities", "title": "Of the coastal and ocean recreation activities you just selected, what was your <strong>primary</strong> recreational activity during your last trip to Pacific coast of Washington? The primary activity is typically the main activity that brought you to the coast on your trip.  ", "allow_other": false, "label": "Primary Activity", "type": "single-select", "randomize_groups": false, "modalQuestion": null, "integer_min": 0, "options_json": "", "lat": null, "slug": "primary-activity", "info": "primary-activity", "integer_max": 365, "required": true, "zoom": null, "options": [], "filter_questions": [], "hoist_answers": null, "order": 0}}, {"pk": 18, "model": "survey.question", "fields": {"term_condition": null, "filterBy": false, "min_zoom": null, "report_type": null, "lng": null, "visualize": false, "options_from_previous_answer": "", "title": "Last Trip", "allow_other": false, "label": "Last Trip", "type": "info", "randomize_groups": false, "modalQuestion": null, "integer_min": 0, "options_json": "", "lat": null, "slug": "last-trip", "info": "last-info", "integer_max": 365, "required": true, "zoom": null, "options": [], "filter_questions": [], "hoist_answers": null, "order": 9}}, {"pk": 19, "model": "survey.question", "fields": {"term_condition": null, "filterBy": false, "min_zoom": null, "report_type": null, "lng": null, "visualize": false, "options_from_previous_answer": "", "title": "Which of the following recreation activities did you participated in during your last trip  to the Pacific coast of Washington that was primary for recreation purposes?", "allow_other": false, "label": "Last Trip Activities", "type": "multi-select", "randomize_groups": true, "modalQuestion": null, "integer_min": 0, "options_json": "/static/survey/surveys/activities_wa.json", "lat": null, "slug": "last-trip-activities", "info": "last-trip-activities", "integer_max": 365, "required": true, "zoom": null, "options": [], "filter_questions": [], "hoist_answers": null, "order": 10}}, {"pk": 20, "model": "survey.question", "fields": {"term_condition": null, "filterBy": false, "min_zoom": null, "report_type": null, "lng": null, "visualize": false, "options_from_previous_answer": "last-trip-activities", "title": "Of the coastal and ocean recreation activities you just selected, what was your primary recreational activity during your last trip to Pacific coast of Washington? The primary activity is typically the main activity that brought you to the coast on your trip.  ", "allow_other": false, "label": "Primary Activity of Last trip", "type": "single-select", "randomize_groups": false, "modalQuestion": null, "integer_min": 0, "options_json": "/static/survey/surveys/activities_wa.json", "lat": null, "slug": "last-trip-primary", "info": "primary-activity-last-trip", "integer_max": 365, "required": true, "zoom": null, "options": [], "filter_questions": [], "hoist_answers": null, "order": 11}}, {"pk": 21, "model": "survey.question", "fields": {"term_condition": null, "filterBy": false, "min_zoom": null, "report_type": null, "lng": null, "visualize": false, "options_from_previous_answer": "", "title": "How many nights did you spend at the coast during your last trip to Pacific coast of Washington?", "allow_other": false, "label": "Number of Nights", "type": "single-select", "randomize_groups": false, "modalQuestion": null, "integer_min": 0, "options_json": "", "lat": null, "slug": "number-of-nights", "info": "number-nights", "integer_max": 365, "required": true, "zoom": null, "options": [13, 14, 15, 16, 17, 18], "filter_questions": [], "hoist_answers": null, "order": 12}}, {"pk": 22, "model": "survey.question", "fields": {"term_condition": "", "filterBy": false, "min_zoom": null, "report_type": "distribution", "lng": null, "visualize": false, "options_from_previous_answer": "", "title": "During your last trip to the Pacific coast of Washington, please indicate if your party spent money on the following items.", "allow_other": true, "label": "Spent money on items", "type": "multi-select", "randomize_groups": false, "modalQuestion": null, "integer_min": 0, "options_json": "/static/survey/surveys/expenditure_items.json", "lat": null, "slug": "items-spent", "info": "", "integer_max": 365, "required": true, "zoom": null, "options": [], "filter_questions": [], "hoist_answers": null, "order": 13}}, {"pk": 23, "model": "survey.question", "fields": {"term_condition": null, "filterBy": false, "min_zoom": null, "report_type": null, "lng": null, "visualize": false, "options_from_previous_answer": "items-spent", "title": "During your last trip to the Pacific coast of Washington, please estimate how much your party spent on the following items and the number of people it covered.", "allow_other": false, "label": "Itemized Expenditures", "type": "grid", "randomize_groups": false, "modalQuestion": null, "integer_min": 0, "options_json": "", "lat": null, "slug": "itemized-expenditures", "info": "", "integer_max": 365, "required": true, "zoom": null, "options": [], "filter_questions": [], "hoist_answers": null, "order": 14}}, {"pk": 24, "model": "survey.question", "fields": {"term_condition": null, "filterBy": false, "min_zoom": null, "report_type": null, "lng": null, "visualize": false, "options_from_previous_answer": "", "title": "Demographic Info", "allow_other": false, "label": "Demographic Info", "type": "info", "randomize_groups": false, "modalQuestion": null, "integer_min": 0, "options_json": "", "lat": null, "slug": "demo-info", "info": "demo-info", "integer_max": 365, "required": true, "zoom": null, "options": [], "filter_questions": [], "hoist_answers": null, "order": 15}}, {"pk": 25, "model": "survey.question", "fields": {"term_condition": null, "filterBy": false, "min_zoom": null, "report_type": null, "lng": null, "visualize": false, "options_from_previous_answer": "", "title": "What was your total HOUSEHOLD income in the past 12 months?", "allow_other": false, "label": "household-income", "type": "multi-select", "randomize_groups": false, "modalQuestion": null, "integer_min": 0, "options_json": "/static/survey/surveys/income.json", "lat": null, "slug": "household-income", "info": "", "integer_max": 365, "required": true, "zoom": null, "options": [], "filter_questions": [], "hoist_answers": null, "order": 16}}, {"pk": 26, "model": "survey.question", "fields": {"term_condition": null, "filterBy": false, "min_zoom": null, "report_type": null, "lng": null, "visualize": false, "options_from_previous_answer": "", "title": "What is your gender?", "allow_other": false, "label": "gender", "type": "single-select", "randomize_groups": false, "modalQuestion": null, "integer_min": 0, "options_json": "", "lat": null, "slug": "gender", "info": "", "integer_max": 365, "required": true, "zoom": null, "options": [36, 37], "filter_questions": [], "hoist_answers": null, "order": 17}}, {"pk": 27, "model": "survey.question", "fields": {"term_condition": null, "filterBy": false, "min_zoom": null, "report_type": null, "lng": null, "visualize": false, "options_from_previous_answer": "", "title": "Please indicate what you consider your racial background to be.  We greatly appreciate your effort to describe your background using the standard categories provided.  These race categories may not fully describe you, but they do match those used by the Census Bureau.  It helps us compare our survey respondents to the U.S. population. \r\n\r\nPlease check one or more categories below to indicate what race(s) you consider yourself to be. \r\n\r\n", "allow_other": true, "label": "Racial Background", "type": "single-select", "randomize_groups": false, "modalQuestion": null, "integer_min": 0, "options_json": "/static/survey/surveys/racial-background.json", "lat": null, "slug": "racial-background", "info": "", "integer_max": 365, "required": true, "zoom": null, "options": [], "filter_questions": [], "hoist_answers": null, "order": 18}}, {"pk": 28, "model": "survey.question", "fields": {"term_condition": "", "filterBy": false, "min_zoom": null, "report_type": "distribution", "lng": null, "visualize": false, "options_from_previous_answer": "", "title": "What is the highest level of school you have completed?", "allow_other": false, "label": "Highest Level of Education", "type": "single-select", "randomize_groups": false, "modalQuestion": null, "integer_min": 0, "options_json": "", "lat": null, "slug": "education", "info": "", "integer_max": 365, "required": true, "zoom": null, "options": [44, 45, 46, 47, 48], "filter_questions": [], "hoist_answers": null, "order": 19}}, {"pk": 29, "model": "survey.question", "fields": {"term_condition": null, "filterBy": false, "min_zoom": null, "report_type": null, "lng": null, "visualize": false, "options_from_previous_answer": "", "title": "To help us improve future surveys, was the mapping portion of this survey easy to understand and use?", "allow_other": false, "label": "Mapping Feedback", "type": "single-select", "randomize_groups": false, "modalQuestion": null, "integer_min": 0, "options_json": "", "lat": null, "slug": "mapping-feedback", "info": "", "integer_max": 365, "required": true, "zoom": null, "options": [49, 50, 51, 52, 53], "filter_questions": [], "hoist_answers": null, "order": 21}}, {"pk": 30, "model": "survey.question", "fields": {"term_condition": "", "filterBy": false, "min_zoom": null, "report_type": null, "lng": null, "visualize": false, "options_from_previous_answer": "", "title": "To help us improve future surveys, please provide any comments or feedback you may have that will help us improve this survey.  Was there a specific section of the survey that you had trouble understanding? What would make it easier?  ", "allow_other": false, "label": "Feedback", "type": "textarea", "randomize_groups": false, "modalQuestion": null, "integer_min": 0, "options_json": "", "lat": null, "slug": "feedback", "info": "", "integer_max": 365, "required": false, "zoom": null, "options": [], "filter_questions": [], "hoist_answers": null, "order": 20}}, {"pk": 31, "model": "survey.question", "fields": {"term_condition": null, "filterBy": false, "min_zoom": null, "report_type": null, "lng": null, "visualize": false, "options_from_previous_answer": "", "title": "We are interested in knowing about your coastal and ocean recreation activity on the Pacific coast of Washington.  Have you been to the Pacific coast of Washington (dark blue area) at least once in the last 12 months?", "allow_other": false, "label": "Been to the Area?", "type": "single-select", "randomize_groups": false, "modalQuestion": null, "integer_min": 0, "options_json": "", "lat": null, "slug": "study-area", "info": "", "integer_max": 365, "required": true, "zoom": null, "options": [54, 55], "filter_questions": [], "hoist_answers": null, "order": 0}}, {"pk": 32, "model": "survey.question", "fields": {"term_condition": null, "filterBy": false, "min_zoom": null, "report_type": null, "lng": null, "visualize": false, "options_from_previous_answer": "", "title": "Please estimate how many trips you have made to the Pacific coast of Washington in the last 12 months for primarily recreation purposes (e.g., beach going, bird watching, fishing, surfing, boating, etc.). A trip is defined as an intentional trip to the Pacific coast of Washington separate from your daily routine.", "allow_other": false, "label": "Number of Trips", "type": "integer", "randomize_groups": false, "modalQuestion": null, "integer_min": 0, "options_json": "", "lat": null, "slug": "number-of-trips", "info": "", "integer_max": 365, "required": true, "zoom": null, "options": [], "filter_questions": [], "hoist_answers": null, "order": 1}}, {"pk": 33, "model": "survey.question", "fields": {"term_condition": null, "filterBy": false, "min_zoom": null, "report_type": null, "lng": null, "visualize": false, "options_from_previous_answer": "", "title": "We are interested in knowing what types of coastal and ocean recreational activities you do when you go to the Pacific coast of Washington. Which of the following activities have you participated in during the last 12 months on the Pacific coast of Washington?  ", "allow_other": false, "label": "Types of Activities", "type": "multi-select", "randomize_groups": true, "modalQuestion": null, "integer_min": 0, "options_json": "/static/survey/surveys/activities_wa_panel.json", "lat": null, "slug": "activities", "info": "", "integer_max": 365, "required": true, "zoom": null, "options": [], "filter_questions": [], "hoist_answers": null, "order": 2}}, {"pk": 40, "model": "survey.question", "fields": {"term_condition": null, "filterBy": false, "min_zoom": null, "report_type": null, "lng": null, "visualize": false, "options_from_previous_answer": "", "title": "Below is a map of the coastal counties within the Pacific coast of Washington. You previously responded that you visited this area {{ getAnswer('number-of-trips') }} time(s) to recreate in the last 12 months. Please indicate how many times you visited each of these coastal counties to recreate in the last 12 months on the map below. If you did not visit a particular coastal county, please choose \"zero\". Your best estimate of the county is fine.", "allow_other": false, "label": "Number of Visits to Each County", "type": "integer", "randomize_groups": false, "modalQuestion": null, "integer_min": 0, "options_json": "", "lat": null, "slug": "county-visits", "info": "", "integer_max": 365, "required": true, "zoom": null, "options": [], "filter_questions": [], "hoist_answers": null, "order": 3}}, {"pk": 41, "model": "survey.question", "fields": {"term_condition": null, "filterBy": false, "min_zoom": null, "report_type": null, "lng": null, "visualize": false, "options_from_previous_answer": "", "title": " For how long have you been visiting the Pacific coast of Washington and enjoying one or more of the activities you identified?", "allow_other": false, "label": "How long have you been visiting the coast?", "type": "single-select", "randomize_groups": false, "modalQuestion": null, "integer_min": 0, "options_json": "", "lat": null, "slug": "how-long", "info": "", "integer_max": 365, "required": true, "zoom": null, "options": [56, 57, 58, 59, 60], "filter_questions": [], "hoist_answers": null, "order": 4}}, {"pk": 42, "model": "survey.question", "fields": {"term_condition": null, "filterBy": false, "min_zoom": null, "report_type": null, "lng": null, "visualize": false, "options_from_previous_answer": "", "title": "Last Trip", "allow_other": false, "label": "Last Trip", "type": "info", "randomize_groups": false, "modalQuestion": null, "integer_min": 0, "options_json": "", "lat": null, "slug": "last-trip", "info": "last-trip", "integer_max": 365, "required": true, "zoom": null, "options": [], "filter_questions": [], "hoist_answers": null, "order": 5}}, {"pk": 44, "model": "survey.question", "fields": {"term_condition": null, "filterBy": false, "min_zoom": null, "report_type": null, "lng": null, "visualize": false, "options_from_previous_answer": "", "title": "The following questions are about your last trip for primarily recreation purposes (e.g., beach going, bird watching, surfing, boating, etc) to the coastal and ocean areas of the Pacific coast of Washington. Again, a visit is defined as an intentional trip --separate from your daily routine.", "allow_other": false, "label": "Date of last visit", "type": "text", "randomize_groups": false, "modalQuestion": null, "integer_min": 0, "options_json": "", "lat": null, "slug": "date-last-visit", "info": "", "integer_max": 365, "required": true, "zoom": null, "options": [], "filter_questions": [], "hoist_answers": null, "order": 6}}, {"pk": 45, "model": "survey.question", "fields": {"term_condition": null, "filterBy": false, "min_zoom": null, "report_type": null, "lng": null, "visualize": false, "options_from_previous_answer": "", "title": "When was your last coastal recreation trip to the Pacific coast of Washington --defined as the area shown in this map. Your best estimate is fine. [SHOW STUDY REGION MAP]\r\n[INSERT CALENDAR FOR RESPONDENT TO INDICATE DATE]\r\n", "allow_other": false, "label": "Date of last visit", "type": "text", "randomize_groups": false, "modalQuestion": null, "integer_min": 0, "options_json": "", "lat": null, "slug": "date-last-visit", "info": "", "integer_max": 365, "required": true, "zoom": null, "options": [], "filter_questions": [], "hoist_answers": null, "order": 7}}, {"pk": 46, "model": "survey.question", "fields": {"term_condition": null, "filterBy": false, "min_zoom": null, "report_type": null, "lng": null, "visualize": false, "options_from_previous_answer": "", "title": "On your last coastal recreation trip, did you start your trip from your home?  ", "allow_other": false, "label": "Did you start your last trip from home", "type": "single-select", "randomize_groups": false, "modalQuestion": null, "integer_min": 0, "options_json": "", "lat": null, "slug": "last-trip-origin", "info": "", "integer_max": 365, "required": true, "zoom": null, "options": [54, 55], "filter_questions": [], "hoist_answers": null, "order": 8}}, {"pk": 47, "model": "survey.question", "fields": {"term_condition": null, "filterBy": false, "min_zoom": null, "report_type": null, "lng": null, "visualize": false, "options_from_previous_answer": "", "title": "What was the primary mode(s) of transportation you used to get to the Pacific coast of Washington on your last coastal recreation trip?", "allow_other": true, "label": "Primary Mode of Transportation", "type": "multi-select", "randomize_groups": false, "modalQuestion": null, "integer_min": 0, "options_json": "", "lat": null, "slug": "primary-mode-transportation", "info": "", "integer_max": 365, "required": true, "zoom": null, "options": [61, 62, 63, 64, 65, 66, 67], "filter_questions": [], "hoist_answers": null, "order": 9}}, {"pk": 48, "model": "survey.question", "fields": {"term_condition": null, "filterBy": false, "min_zoom": null, "report_type": null, "lng": null, "visualize": false, "options_from_previous_answer": "", "title": "What was the primary mode(s) of transportation you used to travel around the Pacific coast of Washington on your last coastal recreation trip?", "allow_other": true, "label": "Primary Mode of Transportation Around Coast", "type": "single-select", "randomize_groups": false, "modalQuestion": null, "integer_min": 0, "options_json": "", "lat": null, "slug": "primary-mode-transportation-on-coast", "info": "", "integer_max": 365, "required": true, "zoom": null, "options": [61, 62, 64, 65, 66, 67], "filter_questions": [], "hoist_answers": null, "order": 10}}, {"pk": 49, "model": "survey.question", "fields": {"term_condition": null, "filterBy": false, "min_zoom": null, "report_type": null, "lng": null, "visualize": false, "options_from_previous_answer": "", "title": "Approximately how many people (including yourself) went on your last coastal recreation trip to the Pacific coast of Washington?  ", "allow_other": false, "label": "How many people went on your last trip", "type": "integer", "randomize_groups": false, "modalQuestion": null, "integer_min": 0, "options_json": "", "lat": null, "slug": "how-many-people", "info": "", "integer_max": 365, "required": true, "zoom": null, "options": [], "filter_questions": [], "hoist_answers": null, "order": 11}}, {"pk": 50, "model": "survey.question", "fields": {"term_condition": null, "filterBy": false, "min_zoom": null, "report_type": null, "lng": null, "visualize": false, "options_from_previous_answer": "", "title": "What coastal and ocean recreation activities did you participate in during your last coastal recreation trip to the Pacific coast of Washington?", "allow_other": true, "label": "What activities did you participate in on your last trip", "type": "multi-select", "randomize_groups": true, "modalQuestion": null, "integer_min": 0, "options_json": "/static/survey/surveys/activities_wa_panel.json", "lat": null, "slug": "activities-last-trip", "info": "", "integer_max": 365, "required": true, "zoom": null, "options": [], "filter_questions": [], "hoist_answers": null, "order": 12}}, {"pk": 51, "model": "survey.question", "fields": {"term_condition": null, "filterBy": false, "min_zoom": null, "report_type": null, "lng": null, "visualize": false, "options_from_previous_answer": "activities-last-trip", "title": "Of the following coastal and ocean recreation activities you selected what was your primary activity during your last coastal recreation trip to the Pacific coast of Washington? (please select only one)", "allow_other": false, "label": "Primary Activity of Last trip", "type": "single-select", "randomize_groups": false, "modalQuestion": null, "integer_min": 0, "options_json": "", "lat": null, "slug": "last-trip-primary", "info": "", "integer_max": 365, "required": true, "zoom": null, "options": [], "filter_questions": [], "hoist_answers": null, "order": 14}}, {"pk": 52, "model": "survey.question", "fields": {"term_condition": null, "filterBy": false, "min_zoom": null, "report_type": null, "lng": null, "visualize": false, "options_from_previous_answer": "", "title": "How many nights did you spend at the coast during your last coastal recreation trip to the Pacific coast of Washington?", "allow_other": false, "label": "Number of Nights", "type": "single-select", "randomize_groups": false, "modalQuestion": null, "integer_min": 0, "options_json": "", "lat": null, "slug": "number-of-nights", "info": "", "integer_max": 365, "required": true, "zoom": null, "options": [13, 14, 15, 16, 17, 18], "filter_questions": [], "hoist_answers": null, "order": 14}}, {"pk": 53, "model": "survey.question", "fields": {"term_condition": null, "filterBy": false, "min_zoom": null, "report_type": null, "lng": null, "visualize": false, "options_from_previous_answer": "", "title": "During your last coastal recreation trip to the Pacific coast of Washington, please indicate if your party spent money on the following items.", "allow_other": true, "label": "Last Trip Amount Spent", "type": "multi-select", "randomize_groups": false, "modalQuestion": null, "integer_min": 0, "options_json": "", "lat": null, "slug": "last-trip-amount-spent", "info": "", "integer_max": 365, "required": true, "zoom": null, "options": [19, 20, 21, 22, 23, 24, 25, 26, 27, 28, 29, 30, 31, 32], "filter_questions": [], "hoist_answers": null, "order": 15}}, {"pk": 54, "model": "survey.question", "fields": {"term_condition": null, "filterBy": false, "min_zoom": null, "report_type": null, "lng": null, "visualize": false, "options_from_previous_answer": "last-trip-amount-spent", "title": "During your last coastal recreation trip to the Pacific coast of Washington, please estimate how much your party spent on the following items and the number of people it covered.", "allow_other": false, "label": "How much was spent", "type": "grid", "randomize_groups": false, "modalQuestion": null, "integer_min": 0, "options_json": "", "lat": null, "slug": "how-much", "info": "", "integer_max": 365, "required": true, "zoom": null, "options": [], "filter_questions": [], "hoist_answers": null, "order": 16}}, {"pk": 55, "model": "survey.question", "fields": {"term_condition": null, "filterBy": false, "min_zoom": null, "report_type": null, "lng": null, "visualize": false, "options_from_previous_answer": "", "title": "Which activities did you participate in at this location?", "allow_other": false, "label": "Activity at Location", "type": "multi-select", "randomize_groups": false, "modalQuestion": null, "integer_min": 0, "options_json": "/static/survey/surveys/activities_wa_panel.json", "lat": null, "slug": "activity-locations-wa-panel", "info": "", "integer_max": 365, "required": true, "zoom": null, "options": [], "filter_questions": [], "hoist_answers": 50, "order": 0}}, {"pk": 56, "model": "survey.question", "fields": {"term_condition": null, "filterBy": false, "min_zoom": 11, "report_type": null, "lng": "-123.5000000", "visualize": false, "options_from_previous_answer": "", "title": "Navigate the map or use the search function to zoom to the areas which you conducted ocean and coastal recreation activities in last 12 months.", "allow_other": false, "label": "Activity Locations", "type": "map-multipoint", "randomize_groups": false, "modalQuestion": 55, "integer_min": 0, "options_json": "", "lat": "47.2500000", "slug": "activity-locations", "info": "", "integer_max": 365, "required": true, "zoom": 7, "options": [], "filter_questions": [], "hoist_answers": null, "order": 17}}, {"pk": 57, "model": "survey.question", "fields": {"term_condition": null, "filterBy": false, "min_zoom": null, "report_type": null, "lng": null, "visualize": false, "options_from_previous_answer": "", "title": "What is your name?", "allow_other": false, "label": "Your Name?", "type": "text", "randomize_groups": false, "modalQuestion": null, "integer_min": 0, "options_json": "", "lat": null, "slug": "name", "info": "", "integer_max": 365, "required": true, "zoom": null, "options": [], "filter_questions": [], "hoist_answers": null, "order": 1}}, {"pk": 58, "model": "survey.question", "fields": {"term_condition": null, "filterBy": false, "min_zoom": null, "report_type": null, "lng": null, "visualize": false, "options_from_previous_answer": "", "title": "What are some activities?", "allow_other": false, "label": "Some Activities?", "type": "multi-select", "randomize_groups": false, "modalQuestion": null, "integer_min": 0, "options_json": "", "lat": null, "slug": "some-activities", "info": "", "integer_max": 365, "required": true, "zoom": null, "options": [68, 69, 70], "filter_questions": [], "hoist_answers": null, "order": 4}}, {"pk": 59, "model": "survey.question", "fields": {"term_condition": null, "filterBy": false, "min_zoom": null, "report_type": null, "lng": null, "visualize": false, "options_from_previous_answer": "activity-locations", "title": "Allocate 100 pennies across your locations to indicate how important each area is to your primary activity.", "allow_other": false, "label": "pennies", "type": "info", "randomize_groups": false, "modalQuestion": null, "integer_min": 0, "options_json": "", "lat": null, "slug": "pennies", "info": "", "integer_max": 365, "required": true, "zoom": null, "options": [], "filter_questions": [], "hoist_answers": null, "order": 6}}, {"pk": 60, "model": "survey.question", "fields": {"term_condition": null, "filterBy": false, "min_zoom": null, "report_type": null, "lng": null, "visualize": false, "options_from_previous_answer": "activity-locations,last-trip-primary", "title": "Allocate 100 pennies across your locations to indicate how important each area is to your primary activity.", "allow_other": false, "label": "Allocate Pennies", "type": "pennies", "randomize_groups": false, "modalQuestion": null, "integer_min": 0, "options_json": "", "lat": null, "slug": "pennies", "info": "", "integer_max": 365, "required": true, "zoom": null, "options": [], "filter_questions": [], "hoist_answers": null, "order": 19}}, {"pk": 61, "model": "survey.question", "fields": {"term_condition": null, "filterBy": false, "min_zoom": null, "report_type": null, "lng": null, "visualize": false, "options_from_previous_answer": "some-activities", "title": "This is our test grid question", "allow_other": false, "label": "Grid Question", "type": "grid", "randomize_groups": false, "modalQuestion": null, "integer_min": 0, "options_json": "", "lat": null, "slug": "grid-question", "info": "", "integer_max": 365, "required": true, "zoom": null, "options": [], "filter_questions": [], "hoist_answers": null, "order": 5}}, {"pk": 62, "model": "survey.question", "fields": {"term_condition": null, "filterBy": false, "min_zoom": null, "report_type": null, "lng": null, "visualize": false, "options_from_previous_answer": "", "title": "Please enter your age:", "allow_other": false, "label": "Your Age", "type": "integer", "randomize_groups": false, "modalQuestion": null, "integer_min": 0, "options_json": "", "lat": null, "slug": "age", "info": "", "integer_max": 365, "required": true, "zoom": null, "options": [], "filter_questions": [], "hoist_answers": null, "order": 0}}, {"pk": 63, "model": "survey.question", "fields": {"term_condition": "", "filterBy": true, "min_zoom": null, "report_type": "distribution", "lng": null, "visualize": false, "options_from_previous_answer": "", "title": "What state do you live in?", "allow_other": true, "label": "State?", "type": "single-select", "randomize_groups": false, "modalQuestion": null, "integer_min": 0, "options_json": "", "lat": null, "slug": "state", "info": "", "integer_max": 365, "required": true, "zoom": null, "options": [4, 5, 6, 7, 8, 9], "filter_questions": [], "hoist_answers": null, "order": 1}}, {"pk": 64, "model": "survey.question", "fields": {"term_condition": "", "filterBy": true, "min_zoom": null, "report_type": "distribution", "lng": null, "visualize": true, "options_from_previous_answer": "state", "title": "You indicated you live in {{ getAnswer('state').text }}.  What county do you live in?", "allow_other": false, "label": "County?", "type": "single-select", "randomize_groups": false, "modalQuestion": null, "integer_min": 0, "options_json": "", "lat": null, "slug": "county", "info": "", "integer_max": 365, "required": true, "zoom": null, "options": [], "filter_questions": [], "hoist_answers": null, "order": 2}}, {"pk": 65, "model": "survey.question", "fields": {"term_condition": null, "filterBy": false, "min_zoom": 10, "report_type": null, "lng": null, "visualize": false, "options_from_previous_answer": "", "title": "Your Coastal and Ocean Recreation Activities in the Last 12 Months", "allow_other": false, "label": "Study Area", "type": "info", "randomize_groups": false, "modalQuestion": null, "integer_min": 0, "options_json": "", "lat": null, "slug": "study-area", "info": "info-activities", "integer_max": 365, "required": true, "zoom": null, "options": [], "filter_questions": [], "hoist_answers": null, "order": 3}}, {"pk": 66, "model": "survey.question", "fields": {"term_condition": "", "filterBy": false, "min_zoom": 10, "report_type": "distribution", "lng": null, "visualize": false, "options_from_previous_answer": "", "title": "Which of the following recreation activities have you participated in <strong>during the last 12 months</strong> in Mid-Atlantic coastal and ocean areas? Select all that apply.", "allow_other": true, "label": "activities", "type": "multi-select", "randomize_groups": true, "modalQuestion": null, "integer_min": 0, "options_json": "/static/survey/surveys/activities_marco.json", "lat": null, "slug": "activities", "info": "", "integer_max": 365, "required": true, "zoom": null, "options": [], "filter_questions": [], "hoist_answers": null, "order": 4}}, {"pk": 67, "model": "survey.question", "fields": {"term_condition": "", "filterBy": false, "min_zoom": 10, "report_type": "distribution", "lng": null, "visualize": false, "options_from_previous_answer": "", "title": "Please estimate how many trips you have made to Mid-Atlantic coastal and ocean areas in the last 12 months <strong>that were primarily for coastal or ocean recreation</strong> (e.g., beach going, wildlife viewing, surfing, kayaking, etc.). A trip is defined as an <strong>intentional trip outside of daily routine</strong>. Your best estimate is fine.", "allow_other": false, "label": "How Many Trips?", "type": "integer", "randomize_groups": false, "modalQuestion": null, "integer_min": 0, "options_json": "", "lat": null, "slug": "how-many-days", "info": "", "integer_max": 365, "required": true, "zoom": null, "options": [], "filter_questions": [], "hoist_answers": null, "order": 7}}, {"pk": 68, "model": "survey.question", "fields": {"term_condition": "", "filterBy": false, "min_zoom": null, "report_type": "distribution", "lng": null, "visualize": false, "options_from_previous_answer": "", "title": "What activities did you engage in at this location?", "allow_other": false, "label": "Activity at Location?", "type": "multi-select", "randomize_groups": true, "modalQuestion": null, "integer_min": 0, "options_json": "/static/survey/surveys/activities_marco.json", "lat": null, "slug": "activity-locations", "info": "", "integer_max": 365, "required": true, "zoom": null, "options": [], "filter_questions": [], "hoist_answers": 66, "order": 0}}, {"pk": 69, "model": "survey.question", "fields": {"term_condition": "", "filterBy": false, "min_zoom": 14, "report_type": "distribution", "lng": "-72.0000000", "visualize": false, "options_from_previous_answer": "", "title": "Navigate the map or use the search function to zoom to the areas which you conducted ocean and coastal recreation activities in last 12 months.", "allow_other": false, "label": "Activity Locations", "type": "map-multipoint", "randomize_groups": false, "modalQuestion": 68, "integer_min": 0, "options_json": "", "lat": "38.5000000", "slug": "activity-locations", "info": "", "integer_max": 365, "required": true, "zoom": 6, "options": [], "filter_questions": [], "hoist_answers": null, "order": 9}}, {"pk": 70, "model": "survey.question", "fields": {"term_condition": null, "filterBy": false, "min_zoom": null, "report_type": null, "lng": null, "visualize": false, "options_from_previous_answer": "activities-last-trip", "title": "Activity Locations", "allow_other": false, "label": "Activity Locations Intro", "type": "info", "randomize_groups": false, "modalQuestion": null, "integer_min": 0, "options_json": "", "lat": null, "slug": "activity-locations-intro", "info": "activity-locations-intro", "integer_max": 365, "required": true, "zoom": null, "options": [], "filter_questions": [], "hoist_answers": null, "order": 15}}, {"pk": 71, "model": "survey.question", "fields": {"term_condition": null, "filterBy": false, "min_zoom": null, "report_type": null, "lng": null, "visualize": false, "options_from_previous_answer": "activities", "title": "Activity Locations", "allow_other": false, "label": "Activity Locations Intro", "type": "info", "randomize_groups": false, "modalQuestion": null, "integer_min": 0, "options_json": "", "lat": null, "slug": "activity-locations-intro", "info": "activity-locations-intro", "integer_max": 365, "required": true, "zoom": null, "options": [], "filter_questions": [], "hoist_answers": null, "order": 7}}, {"pk": 72, "model": "survey.question", "fields": {"term_condition": "", "filterBy": false, "min_zoom": null, "report_type": null, "lng": null, "visualize": false, "options_from_previous_answer": "activities", "title": "Activity Locations", "allow_other": false, "label": "Activity Locations Intro", "type": "info", "randomize_groups": false, "modalQuestion": null, "integer_min": 0, "options_json": "", "lat": null, "slug": "mapping-intro", "info": "activity-locations-intro", "integer_max": 365, "required": true, "zoom": null, "options": [], "filter_questions": [], "hoist_answers": null, "order": 8}}, {"pk": 73, "model": "survey.question", "fields": {"term_condition": null, "filterBy": false, "min_zoom": 10, "report_type": null, "lng": null, "visualize": false, "options_from_previous_answer": "activity-locations,last-trip-primary", "title": "Location Priorities", "allow_other": false, "label": "Pennies Intro", "type": "info", "randomize_groups": false, "modalQuestion": null, "integer_min": 0, "options_json": "", "lat": null, "slug": "pennies-intro", "info": "pennies-intro", "integer_max": 365, "required": true, "zoom": null, "options": [], "filter_questions": [], "hoist_answers": null, "order": 18}}, {"pk": 74, "model": "survey.question", "fields": {"term_condition": "", "filterBy": false, "min_zoom": 10, "report_type": null, "lng": null, "visualize": false, "options_from_previous_answer": "", "title": " ", "allow_other": false, "label": "Info Page", "type": "info", "randomize_groups": false, "modalQuestion": null, "integer_min": 0, "options_json": "", "lat": null, "slug": "last-time-info", "info": "last-time", "integer_max": 365, "required": true, "zoom": null, "options": [], "filter_questions": [], "hoist_answers": null, "order": 10}}, {"pk": 75, "model": "survey.question", "fields": {"term_condition": "", "filterBy": false, "min_zoom": 10, "report_type": "distribution", "lng": null, "visualize": false, "options_from_previous_answer": "activities-last-trip", "title": "Of the recreation activities you just selected, what was your <strong>primary</strong> recreation activity during your <strong><underline>last trip</underline></strong> to Mid-Atlantic coastal and ocean areas?", "allow_other": false, "label": "Primary Activity?", "type": "single-select", "randomize_groups": false, "modalQuestion": null, "integer_min": 0, "options_json": "", "lat": null, "slug": "primary-activity", "info": "", "integer_max": 365, "required": true, "zoom": null, "options": [], "filter_questions": [], "hoist_answers": null, "order": 12}}, {"pk": 76, "model": "survey.question", "fields": {"term_condition": "", "filterBy": false, "min_zoom": 10, "report_type": "distribution", "lng": null, "visualize": false, "options_from_previous_answer": "", "title": "How many nights did you spend at the coast during your <strong><underline>last trip</underline></strong> to Mid-Atlantic coastal and ocean areas?", "allow_other": false, "label": "How many nights?", "type": "integer", "randomize_groups": false, "modalQuestion": null, "integer_min": 0, "options_json": "", "lat": null, "slug": "nights-spent", "info": "", "integer_max": 365, "required": true, "zoom": null, "options": [13, 14, 15, 16, 17, 18], "filter_questions": [], "hoist_answers": null, "order": 13}}, {"pk": 77, "model": "survey.question", "fields": {"term_condition": "", "filterBy": false, "min_zoom": 10, "report_type": "distribution", "lng": null, "visualize": false, "options_from_previous_answer": "", "title": "During your <strong><underline>last trip</underline></strong> to Mid-Atlantic coastal and ocean areas, please indicate if your party spent money on the following items.", "allow_other": true, "label": "Did you spend money on the following items?", "type": "multi-select", "randomize_groups": false, "modalQuestion": null, "integer_min": 0, "options_json": "/static/survey/surveys/expenditure_items.json", "lat": null, "slug": "expenses", "info": "", "integer_max": 365, "required": false, "zoom": null, "options": [], "filter_questions": [], "hoist_answers": null, "order": 14}}, {"pk": 78, "model": "survey.question", "fields": {"term_condition": "", "filterBy": false, "min_zoom": 10, "report_type": null, "lng": null, "visualize": false, "options_from_previous_answer": "expenses", "title": "During your <strong></underline>last trip</underline></strong> to Mid-Atlantic coastal and ocean areas, please estimate how much <strong>your party</strong> spent on the following items and the number of people it covered.", "allow_other": false, "label": "itemized-expenditure", "type": "grid", "randomize_groups": false, "modalQuestion": null, "integer_min": 0, "options_json": "", "lat": null, "slug": "itemized-expenditure", "info": "", "integer_max": 365, "required": true, "zoom": null, "options": [], "filter_questions": [], "hoist_answers": null, "order": 15}}, {"pk": 79, "model": "survey.question", "fields": {"term_condition": "", "filterBy": false, "min_zoom": 10, "report_type": "distribution", "lng": null, "visualize": false, "options_from_previous_answer": "", "title": "Please estimate approximately how many miles (driving miles one way) do you live from the coast?", "allow_other": false, "label": "Miles from the coast", "type": "single-select", "randomize_groups": false, "modalQuestion": null, "integer_min": 0, "options_json": "/static/survey/surveys/miles-from-coast.json", "lat": null, "slug": "miles-from-coast", "info": "", "integer_max": 365, "required": false, "zoom": null, "options": [], "filter_questions": [], "hoist_answers": null, "order": 26}}, {"pk": 80, "model": "survey.question", "fields": {"term_condition": "", "filterBy": false, "min_zoom": 10, "report_type": "distribution", "lng": null, "visualize": false, "options_from_previous_answer": "", "title": "If you live or own a home on the coast, please tell us how much nearby coastal and ocean recreation opportunities played into your decision to live or own a home on the coast:", "allow_other": false, "label": "factors", "type": "single-select", "randomize_groups": false, "modalQuestion": null, "integer_min": 0, "options_json": "/static/survey/surveys/live-at-coast-because-recreate.json", "lat": null, "slug": "factors", "info": "", "integer_max": 365, "required": false, "zoom": null, "options": [], "filter_questions": [], "hoist_answers": null, "order": 27}}, {"pk": 81, "model": "survey.question", "fields": {"term_condition": "", "filterBy": false, "min_zoom": 10, "report_type": "distribution", "lng": null, "visualize": false, "options_from_previous_answer": "", "title": "We have just a few more questions for you.  Please keep in mind that your answers are confidential and your personal information will also be kept private.", "allow_other": false, "label": "info page", "type": "info", "randomize_groups": false, "modalQuestion": null, "integer_min": 0, "options_json": "", "lat": null, "slug": "demo-info", "info": "demo-info", "integer_max": 365, "required": true, "zoom": null, "options": [], "filter_questions": [], "hoist_answers": null, "order": 25}}, {"pk": 82, "model": "survey.question", "fields": {"term_condition": "", "filterBy": false, "min_zoom": 10, "report_type": "distribution", "lng": null, "visualize": false, "options_from_previous_answer": "", "title": "What was your total HOUSEHOLD income in the past 12 months?", "allow_other": false, "label": "Household Income", "type": "single-select", "randomize_groups": false, "modalQuestion": null, "integer_min": 0, "options_json": "/static/survey/surveys/income.json", "lat": null, "slug": "household-income", "info": "", "integer_max": 365, "required": false, "zoom": null, "options": [], "filter_questions": [], "hoist_answers": null, "order": 34}}, {"pk": 83, "model": "survey.question", "fields": {"term_condition": "", "filterBy": false, "min_zoom": 10, "report_type": "distribution", "lng": null, "visualize": false, "options_from_previous_answer": "", "title": "Are you..?", "allow_other": false, "label": "Gender?", "type": "single-select", "randomize_groups": false, "modalQuestion": null, "integer_min": 0, "options_json": "", "lat": null, "slug": "gender", "info": "", "integer_max": 365, "required": false, "zoom": null, "options": [36, 37], "filter_questions": [], "hoist_answers": null, "order": 28}}, {"pk": 84, "model": "survey.question", "fields": {"term_condition": "", "filterBy": false, "min_zoom": 10, "report_type": "distribution", "lng": null, "visualize": false, "options_from_previous_answer": "", "title": "Please indicate what you consider your racial background to be.  We greatly appreciate your effort to describe your background using the standard categories provided.  These race categories may not fully describe you, but they do match those used by the Census Bureau.  It helps us compare our survey respondents to the U.S. population. \r\n\r\nPlease check one or more categories below to indicate what race(s) you consider yourself to be. ", "allow_other": true, "label": "racial-background", "type": "multi-select", "randomize_groups": false, "modalQuestion": null, "integer_min": 0, "options_json": "/static/survey/surveys/racial-background.json", "lat": null, "slug": "racial-background", "info": "", "integer_max": 365, "required": false, "zoom": null, "options": [], "filter_questions": [], "hoist_answers": null, "order": 32}}, {"pk": 85, "model": "survey.question", "fields": {"term_condition": "", "filterBy": false, "min_zoom": 10, "report_type": "distribution", "lng": null, "visualize": false, "options_from_previous_answer": "", "title": "What is the highest level of school you have completed?", "allow_other": false, "label": "School", "type": "single-select", "randomize_groups": false, "modalQuestion": null, "integer_min": 0, "options_json": "/static/survey/surveys/education-level.json", "lat": null, "slug": "school", "info": "", "integer_max": 365, "required": false, "zoom": null, "options": [], "filter_questions": [], "hoist_answers": null, "order": 30}}, {"pk": 86, "model": "survey.question", "fields": {"term_condition": "", "filterBy": false, "min_zoom": 10, "report_type": "distribution", "lng": null, "visualize": false, "options_from_previous_answer": "", "title": "To help us improve future surveys, would you agree that the mapping portion of this survey was easy to understand and use?", "allow_other": false, "label": "mapping-feedback", "type": "single-select", "randomize_groups": false, "modalQuestion": null, "integer_min": 0, "options_json": "", "lat": null, "slug": "mapping-feedback", "info": "", "integer_max": 365, "required": false, "zoom": null, "options": [49, 50, 51, 52, 53], "filter_questions": [], "hoist_answers": null, "order": 36}}, {"pk": 87, "model": "survey.question", "fields": {"term_condition": "", "filterBy": false, "min_zoom": 10, "report_type": "distribution", "lng": null, "visualize": false, "options_from_previous_answer": "", "title": "To help us improve future surveys, please provide any comments or feedback you may have that will help us improve this survey.  Was there a specific section of the survey that you had trouble understanding? What would make it easier?  ", "allow_other": false, "label": "feedback", "type": "textarea", "randomize_groups": false, "modalQuestion": null, "integer_min": 0, "options_json": "", "lat": null, "slug": "feedback", "info": "", "integer_max": 365, "required": false, "zoom": null, "options": [], "filter_questions": [], "hoist_answers": null, "order": 38}}, {"pk": 88, "model": "survey.question", "fields": {"term_condition": "", "filterBy": false, "min_zoom": 10, "report_type": "distribution", "lng": null, "visualize": false, "options_from_previous_answer": "", "title": "During your <strong><underline>last trip</underline></strong> to Mid-Atlantic coastal and ocean areas, what recreation activities did you participate in? Select all that apply.", "allow_other": true, "label": "Activities Last Trip", "type": "multi-select", "randomize_groups": false, "modalQuestion": null, "integer_min": 0, "options_json": "/static/survey/surveys/activities_marco.json", "lat": null, "slug": "activities-last-trip", "info": "", "integer_max": 365, "required": true, "zoom": null, "options": [], "filter_questions": [], "hoist_answers": null, "order": 11}}, {"pk": 89, "model": "survey.question", "fields": {"term_condition": "", "filterBy": false, "min_zoom": 10, "report_type": "distribution", "lng": null, "visualize": false, "options_from_previous_answer": "", "title": "Surveyor Name", "allow_other": false, "label": "survey-name", "type": "text", "randomize_groups": false, "modalQuestion": null, "integer_min": 0, "options_json": "", "lat": null, "slug": "surveyor-name", "info": "", "integer_max": 365, "required": true, "zoom": null, "options": [], "filter_questions": [], "hoist_answers": null, "order": 0}}]