[{"pk": 78, "model": "survey.page", "fields": {"survey": 5, "question": 89}}, {"pk": 79, "model": "survey.page", "fields": {"survey": 5, "question": 91}}, {"pk": 80, "model": "survey.page", "fields": {"survey": 5, "question": 92}}, {"pk": 81, "model": "survey.page", "fields": {"survey": 5, "question": 93}}, {"pk": 82, "model": "survey.page", "fields": {"survey": 5, "question": 94}}, {"pk": 83, "model": "survey.page", "fields": {"survey": 5, "question": 97}}, {"pk": 84, "model": "survey.page", "fields": {"survey": 5, "question": 98}}, {"pk": 85, "model": "survey.page", "fields": {"survey": 5, "question": 99}}, {"pk": 86, "model": "survey.page", "fields": {"survey": 5, "question": 100}}, {"pk": 87, "model": "survey.page", "fields": {"survey": 5, "question": 101}}, {"pk": 88, "model": "survey.page", "fields": {"survey": 5, "question": 102}}, {"pk": 5, "model": "survey.survey", "fields": {"states": "", "offline": true, "anon": true, "name": "Volume and Origin", "slug": "volume-and-origin"}}, {"pk": 4, "model": "survey.option", "fields": {"text": "New York", "label": "NY"}}, {"pk": 5, "model": "survey.option", "fields": {"text": "New Jersey", "label": "NJ"}}, {"pk": 6, "model": "survey.option", "fields": {"text": "Delaware", "label": "DE"}}, {"pk": 7, "model": "survey.option", "fields": {"text": "Maryland", "label": "MD"}}, {"pk": 8, "model": "survey.option", "fields": {"text": "Virgina", "label": "VA"}}, {"pk": 9, "model": "survey.option", "fields": {"text": "District of Columbia", "label": "DC"}}, {"pk": 10, "model": "survey.option", "fields": {"text": "Washington", "label": "washington"}}, {"pk": 11, "model": "survey.option", "fields": {"text": "Oregon", "label": "oregon"}}, {"pk": 12, "model": "survey.option", "fields": {"text": "British Columbia", "label": "british-columbia"}}, {"pk": 13, "model": "survey.option", "fields": {"text": "0 nights", "label": "0"}}, {"pk": 14, "model": "survey.option", "fields": {"text": "1 night", "label": "1"}}, {"pk": 15, "model": "survey.option", "fields": {"text": "2 nights", "label": "2"}}, {"pk": 16, "model": "survey.option", "fields": {"text": "3 nights", "label": "3"}}, {"pk": 17, "model": "survey.option", "fields": {"text": "4 nights", "label": "4"}}, {"pk": 18, "model": "survey.option", "fields": {"text": "5+ nights", "label": "5"}}, {"pk": 19, "model": "survey.option", "fields": {"text": "Parking", "label": "parking"}}, {"pk": 20, "model": "survey.option", "fields": {"text": "Car Fuel", "label": "car-fuel"}}, {"pk": 21, "model": "survey.option", "fields": {"text": "Airline Flight", "label": "airline-flight"}}, {"pk": 22, "model": "survey.option", "fields": {"text": "Food and beverages from a store", "label": "food-and-beverages-store"}}, {"pk": 23, "model": "survey.option", "fields": {"text": "Food and beverages at a restaurant or bar", "label": "food-and-beverages-restaurant-or-bar"}}, {"pk": 24, "model": "survey.option", "fields": {"text": "Souvenirs (t-shirts, posters, gifts, etc.)", "label": "souvenirs-t-shirts-posters-gifts-etc"}}, {"pk": 25, "model": "survey.option", "fields": {"text": "Sundries (sunscreen, surf wax, motion sickness pills, batteries, film and processing etc.)", "label": "sundries-sunscreen-surf-wax-motion-sickness-pills-batteries-film"}}, {"pk": 26, "model": "survey.option", "fields": {"text": "Car rental", "label": "car-rental"}}, {"pk": 27, "model": "survey.option", "fields": {"text": "Dive equiment rental and airfills", "label": "dive-equiment-rental-and-airfills"}}, {"pk": 28, "model": "survey.option", "fields": {"text": "Equipment rental (Surfboard, bike, kayak, stand up paddle,etc)", "label": "equipment-rental-surfboard-bike-kayak-stand-paddleetc"}}, {"pk": 29, "model": "survey.option", "fields": {"text": "Lodging (if you stayed overnight)", "label": "lodging-if-you-stayed-overnight"}}, {"pk": 30, "model": "survey.option", "fields": {"text": "Charter fee (whale watching, etc.)", "label": "charter-fee-whale-watching-etc"}}, {"pk": 31, "model": "survey.option", "fields": {"text": "Museum, aquarium, or other entrance fee", "label": "museum-aquarium-or-other-entrance-fee"}}, {"pk": 32, "model": "survey.option", "fields": {"text": "Lessons, clinics, camps", "label": "lessons-clinics-camps"}}, {"pk": 36, "model": "survey.option", "fields": {"text": "Male", "label": "male"}}, {"pk": 37, "model": "survey.option", "fields": {"text": "Female", "label": "female"}}, {"pk": 38, "model": "survey.option", "fields": {"text": "White", "label": "white"}}, {"pk": 39, "model": "survey.option", "fields": {"text": "Black or African American", "label": "black-or-african-american"}}, {"pk": 40, "model": "survey.option", "fields": {"text": "Hispanic, Spanish or Latino", "label": "hispanic-spanish-or-latino"}}, {"pk": 41, "model": "survey.option", "fields": {"text": "American Indian or Alaska Native", "label": "american-indian-or-alaska-native"}}, {"pk": 42, "model": "survey.option", "fields": {"text": "Asian/Pacific Islander", "label": "asianpacific-islander"}}, {"pk": 43, "model": "survey.option", "fields": {"text": "Other", "label": "other"}}, {"pk": 44, "model": "survey.option", "fields": {"text": "No formal education", "label": "no-formal-education"}}, {"pk": 45, "model": "survey.option", "fields": {"text": "Less than high school", "label": "less-high-school"}}, {"pk": 46, "model": "survey.option", "fields": {"text": "High School", "label": "high-school"}}, {"pk": 47, "model": "survey.option", "fields": {"text": "Some college", "label": "some-college"}}, {"pk": 48, "model": "survey.option", "fields": {"text": "Bachelor's degree", "label": "bachelors-degree-or-higher"}}, {"pk": 49, "model": "survey.option", "fields": {"text": "Strongly Agree", "label": "strongly-agree"}}, {"pk": 50, "model": "survey.option", "fields": {"text": "Somewhat Agree", "label": "somewhat-agree"}}, {"pk": 51, "model": "survey.option", "fields": {"text": "Neither Agree nor Disagree", "label": "neither-agree-nor-disagree"}}, {"pk": 52, "model": "survey.option", "fields": {"text": "Somewhat Disagree", "label": "somewhat-disagree"}}, {"pk": 53, "model": "survey.option", "fields": {"text": "Strongly Disagree", "label": "strongly-disagree"}}, {"pk": 54, "model": "survey.option", "fields": {"text": "Yes", "label": "yes"}}, {"pk": 55, "model": "survey.option", "fields": {"text": "No", "label": "no"}}, {"pk": 56, "model": "survey.option", "fields": {"text": "Just the last year", "label": "just-last-year"}}, {"pk": 57, "model": "survey.option", "fields": {"text": "One to three years", "label": "one-three-years"}}, {"pk": 58, "model": "survey.option", "fields": {"text": "About four to ten years", "label": "about-four-ten-years"}}, {"pk": 59, "model": "survey.option", "fields": {"text": "More than ten years", "label": "more-ten-years"}}, {"pk": 60, "model": "survey.option", "fields": {"text": "All my life", "label": "all-my-life"}}, {"pk": 61, "model": "survey.option", "fields": {"text": "Bus", "label": "bus"}}, {"pk": 62, "model": "survey.option", "fields": {"text": "Bike", "label": "bike"}}, {"pk": 63, "model": "survey.option", "fields": {"text": "Fly", "label": "fly"}}, {"pk": 64, "model": "survey.option", "fields": {"text": "Walking", "label": "walking"}}, {"pk": 65, "model": "survey.option", "fields": {"text": "Drove a personal car", "label": "drove-personal-car"}}, {"pk": 66, "model": "survey.option", "fields": {"text": "Drove a rented car", "label": "drove-rented-car"}}, {"pk": 67, "model": "survey.option", "fields": {"text": "Rode with someone else -- carpooled", "label": "rode-someone-else-carpooled"}}, {"pk": 68, "model": "survey.option", "fields": {"text": "First Option", "label": "first-option"}}, {"pk": 69, "model": "survey.option", "fields": {"text": "Second Option", "label": "second-option"}}, {"pk": 70, "model": "survey.option", "fields": {"text": "Third Option", "label": "third-option"}}, {"pk": 76, "model": "survey.option", "fields": {"text": "Below $30,000", "label": "income-1-below-30000"}}, {"pk": 77, "model": "survey.option", "fields": {"text": "$30,000 to $54,999", "label": "income-2-30000-54999"}}, {"pk": 78, "model": "survey.option", "fields": {"text": "$55,000 to $94,999", "label": "income-3-55000-94999"}}, {"pk": 79, "model": "survey.option", "fields": {"text": "$95,000 and over", "label": "income-4-95000-and-over"}}, {"pk": 80, "model": "survey.option", "fields": {"text": "Don't know", "label": "income-5-dont-know"}}, {"pk": 81, "model": "survey.option", "fields": {"text": "0-60 miles", "label": "0-60-miles"}}, {"pk": 82, "model": "survey.option", "fields": {"text": "61-120 miles", "label": "61-120-miles"}}, {"pk": 83, "model": "survey.option", "fields": {"text": "121-180 miles", "label": "121-180-miles"}}, {"pk": 84, "model": "survey.option", "fields": {"text": "180+ miles", "label": "180-miles"}}, {"pk": 85, "model": "survey.option", "fields": {"text": " I do not live on the coast", "label": "i-do-not-live-coast"}}, {"pk": 86, "model": "survey.option", "fields": {"text": "Not at all", "label": "not-all"}}, {"pk": 87, "model": "survey.option", "fields": {"text": "A little", "label": "little"}}, {"pk": 88, "model": "survey.option", "fields": {"text": "Not sure", "label": "not-sure"}}, {"pk": 89, "model": "survey.option", "fields": {"text": "A lot", "label": "lot"}}, {"pk": 90, "model": "survey.option", "fields": {"text": "Main reason I live on the coast", "label": "main-reason-i-live-coast"}}, {"pk": 91, "model": "survey.option", "fields": {"text": "Graduate or professional degree", "label": "graduate-or-professional-degree"}}, {"pk": 92, "model": "survey.option", "fields": {"text": "Yes", "label": "yes"}}, {"pk": 93, "model": "survey.option", "fields": {"text": "No", "label": "no"}}, {"pk": 94, "model": "survey.option", "fields": {"text": "50 liter", "label": "50-liter"}}, {"pk": 95, "model": "survey.option", "fields": {"text": "100 liter", "label": "100-liter"}}, {"pk": 96, "model": "survey.option", "fields": {"text": "150 liter", "label": "150-liter"}}, {"pk": 97, "model": "survey.option", "fields": {"text": "200 liter", "label": "200-liter"}}, {"pk": 98, "model": "survey.option", "fields": {"text": "300 liter", "label": "300-liter"}}, {"pk": 99, "model": "survey.option", "fields": {"text": "Spear", "label": "spear"}}, {"pk": 100, "model": "survey.option", "fields": {"text": "Net", "label": "net"}}, {"pk": 101, "model": "survey.option", "fields": {"text": "Handline", "label": "handline"}}, {"pk": 89, "model": "survey.question", "fields": {"term_condition": "", "filterBy": false, "min_zoom": 10, "report_type": "distribution", "lng": null, "visualize": false, "options_from_previous_answer": "", "title": "Surveyor Name", "allow_other": false, "label": "survey-name", "type": "text", "randomize_groups": false, "modalQuestion": null, "integer_min": 0, "options_json": "", "lat": null, "slug": "surveyor-name", "info": "", "integer_max": 365, "required": true, "zoom": null, "options": [], "filter_questions": [], "hoist_answers": null, "order": 0}}, {"pk": 91, "model": "survey.question", "fields": {"term_condition": "", "filterBy": false, "min_zoom": 10, "report_type": "distribution", "lng": null, "visualize": false, "options_from_previous_answer": "", "title": "Date of Survey", "allow_other": false, "label": "survey-date", "type": "datepicker", "randomize_groups": false, "modalQuestion": null, "integer_min": 0, "options_json": "", "lat": null, "slug": "survey-date", "info": "", "integer_max": 365, "required": true, "zoom": null, "options": [], "filter_questions": [], "hoist_answers": null, "order": 1}}, {"pk": 92, "model": "survey.question", "fields": {"term_condition": "", "filterBy": false, "min_zoom": 10, "report_type": "distribution", "lng": null, "visualize": false, "options_from_previous_answer": "", "title": "Date of First Sale", "allow_other": false, "label": "date of first sale", "type": "datepicker", "randomize_groups": false, "modalQuestion": null, "integer_min": 0, "options_json": "", "lat": null, "slug": "date-first-sale", "info": "", "integer_max": 365, "required": true, "zoom": null, "options": [], "filter_questions": [], "hoist_answers": null, "order": 3}}, {"pk": 93, "model": "survey.question", "fields": {"term_condition": "", "filterBy": false, "min_zoom": 10, "report_type": "distribution", "lng": null, "visualize": false, "options_from_previous_answer": "", "title": "Time of Survey", "allow_other": false, "label": "Time of Survey", "type": "timepicker", "randomize_groups": false, "modalQuestion": null, "integer_min": 0, "options_json": "", "lat": null, "slug": "survey-time", "info": "", "integer_max": 365, "required": true, "zoom": null, "options": [], "filter_questions": [], "hoist_answers": null, "order": 4}}, {"pk": 94, "model": "survey.question", "fields": {"term_condition": "", "filterBy": false, "min_zoom": 10, "report_type": "distribution", "lng": null, "visualize": false, "options_from_previous_answer": "", "title": "Vendor owns the Eskie?", "allow_other": false, "label": "Eskie Owner", "type": "single-select", "randomize_groups": false, "modalQuestion": null, "integer_min": 0, "options_json": "", "lat": null, "slug": "eskie-owner", "info": "", "integer_max": 365, "required": true, "zoom": null, "options": [92, 93], "filter_questions": [], "hoist_answers": null, "order": 5}}, {"pk": 97, "model": "survey.question", "fields": {"term_condition": "", "filterBy": false, "min_zoom": 10, "report_type": "distribution", "lng": null, "visualize": false, "options_from_previous_answer": "", "title": "Total Volume For All Resources (kilograms)", "allow_other": false, "label": "Total Volume (kilograms)", "type": "integer", "randomize_groups": false, "modalQuestion": null, "integer_min": 0, "options_json": "", "lat": null, "slug": "total-volume", "info": "", "integer_max": 365, "required": true, "zoom": null, "options": [], "filter_questions": [], "hoist_answers": null, "order": 6}}, {"pk": 98, "model": "survey.question", "fields": {"term_condition": "", "filterBy": false, "min_zoom": 10, "report_type": "distribution", "lng": null, "visualize": false, "options_from_previous_answer": "", "title": "Vendior Code", "allow_other": false, "label": "Vendor Code", "type": "text", "randomize_groups": false, "modalQuestion": null, "integer_min": 0, "options_json": "", "lat": null, "slug": "vendor-code", "info": "", "integer_max": 365, "required": true, "zoom": null, "options": [], "filter_questions": [], "hoist_answers": null, "order": 7}}, {"pk": 99, "model": "survey.question", "fields": {"term_condition": "", "filterBy": false, "min_zoom": 10, "report_type": "distribution", "lng": null, "visualize": false, "options_from_previous_answer": "", "title": "Eskie size/wt", "allow_other": true, "label": "Eskie Size/wt", "type": "single-select", "randomize_groups": false, "modalQuestion": null, "integer_min": 0, "options_json": "", "lat": null, "slug": "eskie-size", "info": "", "integer_max": 365, "required": true, "zoom": null, "options": [94, 95, 96, 97, 98], "filter_questions": [], "hoist_answers": null, "order": 8}}, {"pk": 100, "model": "survey.question", "fields": {"term_condition": "", "filterBy": false, "min_zoom": 10, "report_type": "distribution", "lng": null, "visualize": false, "options_from_previous_answer": "", "title": "Gear Type", "allow_other": true, "label": "Gear Type", "type": "multi-select", "randomize_groups": false, "modalQuestion": null, "integer_min": 0, "options_json": "", "lat": null, "slug": "gear-type", "info": "", "integer_max": 365, "required": true, "zoom": null, "options": [99, 100, 101], "filter_questions": [], "hoist_answers": null, "order": 9}}, {"pk": 101, "model": "survey.question", "fields": {"term_condition": "", "filterBy": false, "min_zoom": 10, "report_type": "distribution", "lng": null, "visualize": false, "options_from_previous_answer": "", "title": "Ice Volume (kilograms)", "allow_other": false, "label": "Ice Volume (kilograms)", "type": "integer", "randomize_groups": false, "modalQuestion": null, "integer_min": 0, "options_json": "", "lat": null, "slug": "ice-volume", "info": "", "integer_max": 365, "required": true, "zoom": null, "options": [], "filter_questions": [], "hoist_answers": null, "order": 10}}, {"pk": 102, "model": "survey.question", "fields": {"term_condition": "", "filterBy": false, "min_zoom": 10, "report_type": "distribution", "lng": null, "visualize": false, "options_from_previous_answer": "", "title": "Ice Origin", "allow_other": false, "label": "Ice Origin", "type": "textarea", "randomize_groups": false, "modalQuestion": null, "integer_min": 0, "options_json": "", "lat": null, "slug": "ice-origin", "info": "", "integer_max": 365, "required": true, "zoom": null, "options": [], "filter_questions": [], "hoist_answers": null, "order": 11}}]